RecordType,Survey,Country,Institute,Campaign,SurveyPeriod,Ship,Gear,GearDeployment,MeshSize,MeshType,CodendMesh,StationNumber,HaulID,ELHaulFlag,NationalHaulID,Day,Month,Year,Hour,Minute,StartLatitude,StartLongitude,HaulDurationMinutes,HaulDurationSeconds,Distance,WireAngle,WireLength,Netopening,NetopeningArea,FlowEfficiency,NetClogging,FlowmeterType,FlowmeterBrand,FlowIntRevs,FlowIntCalibr,FlowExtRevs,FlowExtCalibr,VolumeFiltInt,ELVolFlag,DepthUpper,DepthLower,DepthBottom,SurTemp,Temp20m,Temp50m,Temp100m,BotTemp,SurSal,Sal20m,BotSal,statrec,Notes,Day/night
EH,DRS,NL,1340,DRS,,64T2 ,MRN2,dO,1600,WoFab,500,721905,        2018NL002,,20185400002,16,4,2018,11,15,52.25967,4.2555,13,30,961,,,2,3.141592654,1,0.005183789,EMD,Valeport,10610,8.83,55,8.69,3774.892192,f,0,13,18,7.36,,,,7.12,30.75,,30.83,33F4,,d
EH,DRS,NL,1340,DRS,,64T2 ,MRN2,dO,1600,WoFab,500,721906,        2018NL003,,20185400003,16,4,2018,11,42,52.60233,4.285,11,18,1638,,,2,3.141592654,1,0.469501675,EMD,Valeport,9853,8.83,4626,8.69,3505.561995,f,0,18,24,7.2,,,,7.19,33.06,,32.97,34F4,,d
EH,DRS,NL,1340,DRS,,64T2 ,MRN2,dO,1600,WoFab,500,721907,        2018NL004,,20185400004,16,4,2018,13,22,52.76817,4.253,12,18,1472,,,2,3.141592654,1,0.874287343,EMD,Valeport,10524,8.83,9201,8.69,3744.294574,f,0,20,25,7.45,,,,7.43,33.34,,34.36,34F4,,d
EH,DRS,NL,1340,DRS,,64T2 ,MRN2,dO,1600,WoFab,500,721903,        2018NL005,,20185400005,16,4,2018,15,7,53.25217,4.2845,10,24,1229,,,2,3.141592654,1,0.271823583,EMD,Valeport,8752,8.83,2379,8.69,3113.841326,f,0,25,30,7.43,,,,7.43,34.11,,35.7,35F4,,d
EH,DRS,NL,1340,DRS,,64T2 ,MRN2,dO,1600,WoFab,500,721909,        2018NL010,,20185400010,16,4,2018,19,37,53.2685,4.7255,12,42,1523,,,2,3.141592654,1,0.389195057,EMD,Valeport,11976,8.83,4661,8.69,4260.89622,f,0,20,27,7.01,,,,6.98,32.89,,32.91,35F4,,d
EH,DRS,NL,1340,DRS,,64T2 ,MRN2,dO,1600,WoFab,500,721910,        2018NL011,,20185400011,16,4,2018,19,51,53.7245,4.83417,16,0,1824,,,2,3.141592654,1,0.717599266,EMD,Valeport,15262,8.83,10952,8.69,5430.009862,f,0,32,38,7.82,,,,7.82,33.57,,33.63,36F4,,d
EH,DRS,NL,1340,DRS,,64T2 ,MRN2,dO,1600,WoFab,500,721911,        2018NL012,,20185400012,16,4,2018,22,10,53.75133,5.26933,10,24,918,,,2,3.141592654,1,0.699795082,EMD,Valeport,8784,8.83,6147,8.69,3125.226486,f,0,28,34,8.02,,,,8.02,32.98,,31.55,36F5,,n
EH,DRS,NL,1340,DRS,,64T2 ,MRN2,dO,1600,WoFab,500,721912,        2018NL013,,20185400013,17,4,2018,23,26,53.74317,5.74317,10,24,694,,,2,3.141592654,1,0.843481067,EMD,Valeport,9296,8.83,7841,8.69,3307.38905,f,0,23,29,5.84,,,,5.86,32.26,,31.95,36F5,,n
EH,DRS,NL,1340,DRS,,64T2 ,MRN2,dO,1600,WoFab,500,721913,        2018NL014,,20185400014,17,4,2018,0,59,53.751,6.23983,10,54,583,,,2,3.141592654,1,0.935480226,EMD,Valeport,8850,8.83,8279,8.69,3148.708379,f,0,21,26,5.26,,,,5.26,32.38,,32.17,36F6,,n
EH,DRS,NL,1340,DRS,,64T2 ,MRN2,dO,1600,WoFab,500,721914,        2018NL015,,20185400015,17,4,2018,2,50,53.77233,6.7345,10,24,516,,,2,3.141592654,1,0.637024871,EMD,Valeport,8524,8.83,5430,8.69,3032.722059,f,0,13,18,5.28,,,,5.27,32.09,,32.08,36F6,,n
EH,DRS,NL,1340,DRS,,64T2 ,MRN2,dO,1600,WoFab,500,721915,        2018NL016,,20185400016,17,4,2018,4,24,53.85767,7.22417,12,6,767,,,2,3.141592654,1,0.60327677,EMD,Valeport,10254,8.83,6186,8.69,3648.232285,f,0,20,25,4.9,,,,4.9,32.36,,32.51,36F7,,n
EH,DRS,NL,1340,DRS,,64T2 ,MRN2,dO,1600,WoFab,500,721916,        2018NL017,,20185400017,17,4,2018,6,0,54.22283,7.72583,10,48,867,,,2,3.141592654,1,0.358770917,EMD,Valeport,13864,8.83,4974,8.69,4932.620674,f,0,34,39,5.01,,,,4.92,33.65,,34.56,37F7,,n
EH,DRS,NL,1340,DRS,,64T2 ,MRN2,dO,1600,WoFab,500,721917,        2018NL018,,20185400018,17,4,2018,8,41,54.75317,7.55617,10,48,911,,,2,3.141592654,1,0.371616809,EMD,Valeport,11232,8.83,4174,8.69,3996.191245,f,0,18,23,5.28,,,,5.22,33.44,,32.96,38F7,,d
EH,DRS,NL,1340,DRS,,64T2 ,MRN2,dO,1600,WoFab,500,721918,        2018NL019,,20185400019,17,4,2018,11,15,55.25417,7.72167,11,48,2778,,,2,3.141592654,1,0.289654226,EMD,Valeport,14576,8.83,4222,8.69,5185.94049,f,0,18,24,4.9,,,,4.77,32.9,,32.62,39F7,,d
EH,DRS,NL,1340,DRS,,64T2 ,MRN2,dO,1600,WoFab,500,721919,        2018NL020,,20185400020,17,4,2018,13,35,55.75683,7.26833,13,12,1514,,,2,3.141592654,1,0.394311979,EMD,Valeport,17405,8.83,6863,8.69,6192.459812,f,0,23,28,5.63,,,,5.62,32.5,,32.47,40F7,,d
EH,DRS,NL,1340,DRS,,64T2 ,MRN2,dO,1600,WoFab,500,721920,        2018NL021,,20185400021,17,4,2018,16,6,55.87617,7.52183,11,12,1318,,,2,3.141592654,1,0.662478474,EMD,Valeport,15679,8.83,10387,8.69,5578.372732,f,0,16,21,4.46,,,,4.4,33.48,,33.24,40F7,,d
EH,DRS,NL,1340,DRS,,64T2 ,MRN2,dO,1600,WoFab,500,721921,        2018NL022,,20185400022,17,4,2018,17,5,56.24267,7.70667,12,18,1321,,,2,3.141592654,1,0.573546081,EMD,Valeport,11469,8.83,6578,8.69,4080.512588,f,0,23,29,4.45,,,,4.44,33.32,,33.37,41F7,,d
EH,DRS,NL,1340,DRS,,64T2 ,MRN2,dO,1600,WoFab,500,721922,        2018NL023,,20185400023,17,4,2018,18,51,56.25133,7.25333,11,24,1100,,,2,3.141592654,1,0.625351584,EMD,Valeport,10666,8.83,6670,8.69,3794.816223,f,0,27,32,4.86,,,,4.86,34.87,,33.43,41F7,,d
EH,DRS,NL,1340,DRS,,64T2 ,MRN2,dO,1600,WoFab,500,721923,        2018NL024,,20185400024,17,4,2018,20,14,56.25083,6.74317,11,30,3518,,,2,3.141592654,1,0.593877394,EMD,Valeport,13001,8.83,7721,8.69,4625.577134,f,0,34,39,4.46,,,,4.42,33.61,,33.29,41F6,,d
EH,DRS,NL,1340,DRS,,64T2 ,MRN2,dO,1600,WoFab,500,721924,        2018NL025,,20185400025,17,4,2018,21,40,56.25117,6.222,13,12,1191,,,2,3.141592654,1,1.016985687,EMD,Valeport,11598,8.83,11795,8.69,4126.409015,f,0,38,43,4.95,,,,4.93,35,,34.89,41F6,,n
EH,DRS,NL,1340,DRS,,64T2 ,MRN2,dO,1600,WoFab,500,721925,        2018NL026,,20185400026,18,4,2018,2,11,56.25083,5.74017,16,12,1256,,,2,3.141592654,1,0.984648255,EMD,Valeport,12637,8.83,12443,8.69,4496.070936,f,0,48,53,4.98,,,,4.99,35.41,,35.25,41F5,,n
EH,DRS,NL,1340,DRS,,64T2 ,MRN2,dO,1600,WoFab,500,721926,        2018NL027,,20185400027,18,4,2018,2,56,56.24233,5.2835,11,24,2960,,,2,3.141592654,1,0.655758078,EMD,Valeport,9656,8.83,6332,8.69,3435.472103,f,0,50,56,5.13,,,,5.19,37.92,,35.32,41F5,,n
EH,DRS,NL,1340,DRS,,64T2 ,MRN2,dO,1600,WoFab,500,721927,        2018NL028,,20185400028,18,4,2018,4,23,55.77033,5.29067,13,18,1489,,,2,3.141592654,1,0.993757707,EMD,Valeport,12976,8.83,12895,8.69,4616.682478,f,0,49,55,5.21,,,,5.21,35.17,,34.94,40F5,,n
EH,DRS,NL,1340,DRS,,64T2 ,MRN2,dO,1600,WoFab,500,721928,        2018NL029,,20185400029,18,4,2018,7,7,55.7525,5.73333,13,12,1519,,,2,3.141592654,1,0.894406904,EMD,Valeport,12283,8.83,10986,8.69,4370.122601,f,0,46,51,4.98,,,,4.99,34.74,,34.74,40F5,,d
EH,DRS,NL,1340,DRS,,64T2 ,MRN2,dO,1600,WoFab,500,721929,        2018NL030,,20185400030,18,4,2018,8,5,55.7515,6.23933,11,0,1210,,,2,3.141592654,1,0.9997904,EMD,Valeport,9542,8.83,9540,8.69,3394.912469,f,0,41,46,5.33,,,,5.35,37.11,,35.04,40F6,,d
EH,DRS,NL,1340,DRS,,64T2 ,MRN2,dO,1600,WoFab,500,721930,        2018NL031,,20185400031,18,4,2018,9,27,55.736,6.7535,11,24,1262,,,2,3.141592654,1,0.872316951,EMD,Valeport,9970,8.83,8697,8.69,3547.188988,f,0,32,37,5.06,,,,5.07,34.56,,34.47,40F6,,d
EH,DRS,NL,1340,DRS,,64T2 ,MRN2,dO,1600,WoFab,500,721957,        2018NL032,,20185400032,18,4,2018,10,55,55.3415,7.042,11,42,1028,,,2,3.141592654,1,0.485798134,EMD,Valeport,9541,8.83,4635,8.69,3394.556683,f,0,26,31,5.52,,,,5.45,31.67,,35.35,39F7,,d
EH,DRS,NL,1340,DRS,,64T2 ,MRN2,dO,1600,WoFab,500,721932,        2018NL033,,20185400033,18,4,2018,12,56,55.25917,6.57217,10,24,2405,,,2,3.141592654,1,0.78533795,EMD,Valeport,6643,8.83,5217,8.69,2363.488109,f,0,37,42,5.5,,,,5.23,34.63,,34.86,39F6,,d
EH,DRS,NL,1340,DRS,,64T2 ,MRN2,dO,1600,WoFab,500,721933,        2018NL034,,20185400034,18,4,2018,14,18,55.25183,6.2225,14,6,2919,,,2,3.141592654,1,1.007925011,EMD,Valeport,11735,8.83,11828,8.69,4175.151732,f,0,44,49,6.2,,,,6.39,32.71,,34.95,39F6,,d
EH,DRS,NL,1340,DRS,,64T2 ,MRN2,dO,1600,WoFab,500,721934,        2018NL035,,20185400035,18,4,2018,15,27,55.2415,5.71733,14,12,1392,,,2,3.141592654,1,0.97674209,EMD,Valeport,11093,8.83,10835,8.69,3946.736955,f,0,42,47,6.02,,,,5.81,36.8,,35,39F5,,d
EH,DRS,NL,1340,DRS,,64T2 ,MRN2,dO,1600,WoFab,500,721935,        2018NL036,,20185400036,18,4,2018,16,52,55.24133,5.22533,11,18,1304,,,2,3.141592654,1,1.023594602,EMD,Valeport,11189,8.83,11453,8.69,3980.892436,f,0,37,42,5.99,,,,5.98,34.83,,34.67,39F5,,d
EH,DRS,NL,1340,DRS,,64T2 ,MRN2,dO,1600,WoFab,500,721936,        2018NL037,,20185400037,18,4,2018,18,12,54.8345,4.86883,16,24,1929,,,2,3.141592654,1,1.028765831,EMD,Valeport,14844,8.83,15271,8.69,5281.291207,f,0,38,44,6.57,,,,6.58,35.23,,34.32,38F4,,d
EH,DRS,NL,1340,DRS,,64T2 ,MRN2,dO,1600,WoFab,500,721937,        2018NL038,,20185400038,18,4,2018,20,39,54.74267,5.27433,12,30,1665,,,2,3.141592654,1,1.026890198,EMD,Valeport,12049,8.83,12373,8.69,4286.868617,f,0,40,45,6.89,,,,6.97,34.6,,33.71,38F5,,d
EH,DRS,NL,1340,DRS,,64T2 ,MRN2,dO,1600,WoFab,500,721938,        2018NL039,,20185400039,18,4,2018,21,51,54.7505,5.76983,10,24,1297,,,2,3.141592654,1,1.040334628,EMD,Valeport,10041,8.83,10446,8.69,3572.449812,f,0,38,44,6.6,,,,5.97,34.24,,34.26,38F5,,n
EH,DRS,NL,1340,DRS,,64T2 ,MRN2,dO,1600,WoFab,500,721939,        2018NL040,,20185400040,19,4,2018,23,16,54.75033,6.27233,10,30,961,,,2,3.141592654,1,1.022509579,EMD,Valeport,8352,8.83,8540,8.69,2971.526823,f,0,35,41,6.55,,,,5.81,34.35,,34.46,38F6,,n
EH,DRS,NL,1340,DRS,,64T2 ,MRN2,dO,1600,WoFab,500,721940,        2018NL041,,20185400041,19,4,2018,0,38,54.74183,6.71883,12,6,1023,,,2,3.141592654,1,0.99887693,EMD,Valeport,10685,8.83,10673,8.69,3801.576162,f,0,36,42,5.83,,,,5.85,35.13,,34.66,38F6,,n
EH,DRS,NL,1340,DRS,,64T2 ,MRN2,dO,1600,WoFab,500,721941,        2018NL042,,20185400042,19,4,2018,2,1,54.67217,7.0345,14,6,1051,,,2,3.141592654,1,0.589178026,EMD,Valeport,12105,8.83,7132,8.69,4306.792647,f,0,29,34,4.87,,,,4.88,34.87,,34.5,38F7,,n
EH,DRS,NL,1340,DRS,,64T2 ,MRN2,dO,1600,WoFab,500,721942,        2018NL043,,20185400043,19,4,2018,3,8,54.34233,7.13717,14,12,1789,,,2,3.141592654,1,0.56926933,EMD,Valeport,13166,8.83,7495,8.69,4684.281867,f,0,36,41,6.1,,,,6.38,33.71,,33.23,37F7,,n
EH,DRS,NL,1340,DRS,,64T2 ,MRN2,dO,1600,WoFab,500,721943,        2018NL044,,20185400044,19,4,2018,4,59,54.243,6.70533,17,18,2348,,,2,3.141592654,1,1.006322445,EMD,Valeport,17082,8.83,17190,8.69,6077.540851,f,0,32,37,6.12,,,,6.31,33.84,,33.53,37F6,,n
EH,DRS,NL,1340,DRS,,64T2 ,MRN2,dO,1600,WoFab,500,721944,        2018NL045,,20185400045,19,4,2018,6,17,54.23417,6.23833,17,54,3465,,,2,3.141592654,1,1.017865143,EMD,Valeport,17856,8.83,18175,8.69,6352.919414,f,0,33,38,6.62,,,,6.53,33.88,,33.39,37F6,,n
EH,DRS,NL,1340,DRS,,64T2 ,MRN2,dO,1600,WoFab,500,721945,        2018NL050,,20185400050,19,4,2018,9,17,54.22417,5.7085,10,18,700,,,2,3.141592654,1,0.997369023,EMD,Valeport,8742,8.83,8719,8.69,3110.283463,f,0,34,40,7.38,,,,7.22,32.25,,32.66,37F5,,d
EH,DRS,NL,1340,DRS,,64T2 ,MRN2,dO,1600,WoFab,500,721946,        2018NL051,,20185400051,19,4,2018,10,36,54.24333,5.25767,10,18,1052,,,2,3.141592654,1,1.02307145,EMD,Valeport,9839,8.83,10066,8.69,3500.580988,f,0,37,43,7.37,,,,7.23,33.66,,33.25,37F5,,d
EH,DRS,NL,1340,DRS,,64T2 ,MRN2,dO,1600,WoFab,500,721947,        2018NL052,,20185400052,19,4,2018,12,2,54.24217,4.708,10,18,1102,,,2,3.141592654,1,1.017321937,EMD,Valeport,8775,8.83,8927,8.69,3122.02441,f,0,42,47,7.05,,,,6.73,18.89,,33.68,37F4,,d
EH,DRS,NL,1340,DRS,,64T2 ,MRN2,dO,1600,WoFab,500,721948,        2018NL053,,20185400053,19,4,2018,13,33,54.24033,4.22433,10,48,4395,,,2,3.141592654,1,1.025248428,EMD,Valeport,9862,8.83,10111,8.69,3508.764072,f,0,45,50,7.15,,,,6.77,36.16,,35.12,37F4,,d
EH,DRS,NL,1340,DRS,,64T2 ,MRN2,dO,1600,WoFab,500,721949,        2018NL054,,20185400054,19,4,2018,14,53,54.15583,3.84317,10,42,1194,,,2,3.141592654,1,1.03119171,EMD,Valeport,9650,8.83,9951,8.69,3433.337385,f,0,41,46,6.46,,,,6.16,36.19,,35.02,37F3,,d
EH,DRS,NL,1340,DRS,,64T2 ,MRN2,dO,1600,WoFab,500,721950,        2018NL055,,20185400055,19,4,2018,16,2,53.8245,3.85017,12,54,1134,,,2,3.141592654,1,1.021733298,EMD,Valeport,11181,8.83,11424,8.69,3978.046145,f,0,35,40,7.47,,,,7.11,35.73,,36.4,36F3,,d
EH,DRS,NL,1340,DRS,,64T2 ,MRN2,dO,1600,WoFab,500,721951,        2018NL056,,20185400056,19,4,2018,17,38,53.652,4.15017,14,0,3022,,,2,3.141592654,1,1.026225145,EMD,Valeport,12774,8.83,13109,8.69,4544.813654,f,0,35,40,7.61,,,,7.41,35.5,,34.61,36F4,,d
EH,DRS,NL,1340,DRS,,64T2 ,MRN2,dO,1600,WoFab,500,721952,        2018NL057,,20185400057,19,4,2018,18,57,53.32633,3.83533,11,42,911,,,2,3.141592654,1,1.024170662,EMD,Valeport,10219,8.83,10466,8.69,3635.779766,f,0,23,28,7.38,,,,7.38,35.31,,35.15,35F3,,d
EH,DRS,NL,1340,DRS,,64T2 ,MRN2,dO,1600,WoFab,500,721953,        2018NL058,,20185400058,19,4,2018,20,46,53.23367,3.37,11,30,1486,,,2,3.141592654,1,1.0311422,EMD,Valeport,10436,8.83,10761,8.69,3712.985384,f,0,20,26,6.7,,,,6.72,33.11,,34.91,35F3,,d
EH,DRS,NL,1340,DRS,,64T2 ,MRN2,dO,1600,WoFab,500,721954,        2018NL059,,20185400059,19,4,2018,22,21,52.81,3.35667,13,6,1580,,,2,3.141592654,1,0.44779639,EMD,Valeport,12298,8.83,5507,8.69,4375.459395,f,0,36,42,8.29,,,,8.26,37.1,,36.12,34F3,,n
EH,DRS,NL,1340,DRS,,64T2 ,MRN2,dO,1600,WoFab,500,721955,        2018NL060,,20185400060,20,4,2018,0,12,52.65133,3.693,12,48,1589,,,2,3.141592654,1,0.121152865,EMD,Valeport,11762,8.83,1425,8.69,4184.757961,f,0,23,29,7.91,,,,7.9,35.13,,35.2,34F3,,n
EH,DRS,NL,1340,DRS,,64T2 ,MRN2,dO,1600,WoFab,500,721956,        2018NL061,,20185400061,20,4,2018,1,37,52.3265,3.722,11,48,1011,,,2,3.141592654,1,0.108847674,EMD,Valeport,9867,8.83,1074,8.69,3510.543003,f,0,23,29,8.04,,,,7.94,35.96,,35.26,33F3,,n
EH,DRS,NL,1340,DRS,,64T2 ,MRN2,dO,1600,WoFab,500,721908,        2018NL062,,20185400062,20,4,2018,3,12,52.26817,3.39167,11,24,5142,,,2,3.141592654,1,0.118097034,EMD,Valeport,9543,8.83,1127,8.69,3395.268256,f,0,29,34,7.95,,,,7.95,35.01,,34.88,33F3,,n
EH,DRS,NL,1340,DRS,,64T2 ,MRN2,dO,1600,WoFab,500,748720,        2019NL001,,20195400101,15,4,2019,9,51,52.27417,4.25267,12,48,1550,,,2,3.141592654,1,0.602616517,EMD,Valeport,9784,8.15,5896,8.54,3771.453071,f,0,14,20,8.63,,,,8.61,30.91,,31.06,33F4,,d
EH,DRS,NL,1340,DRS,,64T2 ,MRN2,dO,1600,WoFab,500,748721,        2019NL002,,20195400102,15,4,2019,12,0,52.767,4.25183,15,6,2006,,,2,3.141592654,1,0.172722829,EMD,Valeport,12274,8.15,2120,8.54,4731.277084,f,0,21,26,8.51,,,,8.52,33.55,,33.72,34F4,,d
EH,DRS,NL,1340,DRS,,64T2 ,MRN2,dO,1600,WoFab,500,748722,        2019NL003,,20195400103,15,4,2019,14,5,53.15233,4.425,12,6,1238,,,2,3.141592654,1,0.186198356,EMD,Valeport,8883,8.15,1654,8.54,3424.143257,f,0,23,30,8.86,,,,8.42,32,,33.25,35F4,,d
EH,DRS,NL,1340,DRS,,64T2 ,MRN2,dO,1600,WoFab,500,748789,        2019NL004,,20195400104,15,4,2019,15,14,53.335,4.60533,,,859,,,2,3.141592654,1,0.235369775,EMD,Valeport,6220,8.15,1464,8.54,2397.632676,f,0,22,27,8.62,,,,8.43,33.2,,33.3,35F4,Registration of haul duration was incorrect,d
EH,DRS,NL,1340,DRS,,64T2 ,MRN2,dO,1600,WoFab,500,748719,        2019NL005,,20195400105,15,4,2019,17,14,53.652,4.87283,11,48,752,,,2,3.141592654,1,0.477594728,EMD,Valeport,6070,8.15,2899,8.54,2339.811952,f,0,26,31,8,,,,7.88,34.34,,34.36,36F4,,d
EH,DRS,NL,1340,DRS,,64T2 ,MRN2,dO,1600,WoFab,500,748725,        2019NL006,,20195400106,15,4,2019,18,41,53.75167,5.25517,10,54,936,,,2,3.141592654,1,1.123526638,EMD,Valeport,8484,8.15,9532,8.54,3270.340132,f,0,27,33,8.38,,,,8.06,33.85,,34.28,36F5,,d
EH,DRS,NL,1340,DRS,,64T2 ,MRN2,dO,1600,WoFab,500,748726,        2019NL007,,20195400107,15,4,2019,20,39,53.741,5.74,12,18,991,,,2,3.141592654,1,1.089031621,EMD,Valeport,10120,8.15,11021,8.54,3900.971492,f,0,24,28,8.35,,,,8.13,33.83,,34.36,36F5,,d
EH,DRS,NL,1340,DRS,,64T2 ,MRN2,dO,1600,WoFab,500,748727,        2019NL008,,20195400108,15,4,2019,22,59,53.72017,6.30867,11,36,694,,,2,3.141592654,1,1.107430813,EMD,Valeport,9178,8.15,10164,8.54,3537.857347,f,0,20,25,8.15,,,,8.15,32.75,,33.03,36F6,,n
EH,DRS,NL,1340,DRS,,64T2 ,MRN2,dO,1600,WoFab,500,748728,        2019NL009,,20195400109,16,4,2019,0,34,53.77633,6.7525,11,12,522,,,2,3.141592654,1,1.173079466,EMD,Valeport,7563,8.15,8872,8.54,2915.320889,f,0,12,16,7.79,,,,7.78,32.55,,32.59,36F6,,n
EH,DRS,NL,1340,DRS,,64T2 ,MRN2,dO,1600,WoFab,500,748729,        2019NL010,,20195400110,16,4,2019,2,15,53.8535,7.25033,12,30,845,,,2,3.141592654,1,1.068946972,EMD,Valeport,9297,8.15,9938,8.54,3583.728455,f,0,19,25,7.36,,,,7.6,32.32,,33.23,36F7,,n
EH,DRS,NL,1340,DRS,,64T2 ,MRN2,dO,1600,WoFab,500,748730,        2019NL011,,20195400111,16,4,2019,5,23,54.25083,7.64133,12,36,733,,,2,3.141592654,1,1.109157762,EMD,Valeport,8703,8.15,9653,8.54,3354.758389,f,0,36,41,7.19,,,,7.21,32.7,,33.69,37F7,,n
EH,DRS,NL,1340,DRS,,64T2 ,MRN2,dO,1600,WoFab,500,748735,        2019NL016,,20195400116,16,4,2019,9,4,54.70983,7.5085,11,42,1172,,,2,3.141592654,1,1.096692419,EMD,Valeport,8284,8.15,9085,8.54,3193.245834,f,0,18,24,7.17,,,,7.09,30.76,,32.28,38F7,,d
EH,DRS,NL,1340,DRS,,64T2 ,MRN2,dO,1600,WoFab,500,748736,        2019NL017,,20195400117,16,4,2019,11,36,55.25867,7.63583,12,18,1267,,,2,3.141592654,1,1.0752037,EMD,Valeport,9082,8.15,9765,8.54,3500.852084,f,0,20,25,7.29,,,,7.14,31.74,,33.08,39F7,,d
EH,DRS,NL,1340,DRS,,64T2 ,MRN2,dO,1600,WoFab,500,748737,        2019NL018,,20195400118,16,4,2019,13,37,55.68817,7.4395,12,18,1435,,,2,3.141592654,1,1.053961749,EMD,Valeport,10248,8.15,10801,8.54,3950.311843,f,0,13,18,7.71,,,,7.33,31.84,,33.37,40F7,,d
EH,DRS,NL,1340,DRS,,64T2 ,MRN2,dO,1600,WoFab,500,748738,        2019NL019,,20195400119,16,4,2019,14,27,55.752,7.23367,11,24,1030,,,2,3.141592654,1,1.057667412,EMD,Valeport,8497,8.15,8987,8.54,3275.351261,f,0,23,30,7.54,,,,7.28,33.06,,33.83,40F7,,d
EH,DRS,NL,1340,DRS,,64T2 ,MRN2,dO,1600,WoFab,500,748739,        2019NL020,,20195400120,16,4,2019,15,54,55.75583,6.75567,11,18,1034,,,2,3.141592654,1,1.046675774,EMD,Valeport,8784,8.15,9194,8.54,3385.981579,f,0,30,36,7.51,,,,6.92,33.9,,34.74,40F6,,d
EH,DRS,NL,1340,DRS,,64T2 ,MRN2,dO,1600,WoFab,500,748740,        2019NL021,,20195400121,16,4,2019,17,25,55.74283,6.23633,16,0,1410,,,2,3.141592654,1,1.053064744,EMD,Valeport,12758,8.15,13435,8.54,4917.845286,f,0,40,46,7.16,,,,7.09,34.79,,34.75,40F6,,d
EH,DRS,NL,1340,DRS,,64T2 ,MRN2,dO,1600,WoFab,500,748741,        2019NL022,,20195400122,16,4,2019,19,5,55.68833,5.7425,13,12,1053,,,2,3.141592654,1,1.062300955,EMD,Valeport,10048,8.15,10674,8.54,3873.217544,f,0,45,51,7.04,,,,6.9,34.71,,34.74,40F5,,d
EH,DRS,NL,1340,DRS,,64T2 ,MRN2,dO,1600,WoFab,500,748742,        2019NL023,,20195400123,16,4,2019,20,31,55.5675,5.30683,12,36,1102,,,2,3.141592654,1,1.054616112,EMD,Valeport,9521,8.15,10041,8.54,3670.074069,f,0,44,49,7.09,,,,7.06,34.77,,34.79,40F5,,d
EH,DRS,NL,1340,DRS,,64T2 ,MRN2,dO,1600,WoFab,500,748743,        2019NL024,,20195400124,16,4,2019,22,13,55.32133,4.92317,10,54,1041,,,2,3.141592654,1,1.057813453,EMD,Valeport,9842,8.15,10411,8.54,3793.810417,f,0,43,49,7.2,,,,7.21,34.76,,34.76,39F4,,n
EH,DRS,NL,1340,DRS,,64T2 ,MRN2,dO,1600,WoFab,500,748744,        2019NL025,,20195400125,16,4,2019,23,21,55.24217,5.257,17,18,1403,,,2,3.141592654,1,1.058525219,EMD,Valeport,14592,8.15,15446,8.54,5624.800001,f,0,36,42,7.28,,,,7.29,34.79,,34.79,39F5,,n
EH,DRS,NL,1340,DRS,,64T2 ,MRN2,dO,1600,WoFab,500,748745,        2019NL026,,20195400126,17,4,2019,0,58,55.251,5.7535,10,42,988,,,2,3.141592654,1,1.061283115,EMD,Valeport,9399,8.15,9975,8.54,3623.046547,f,0,42,47,7.07,,,,7.07,34.71,,34.71,39F5,,n
EH,DRS,NL,1340,DRS,,64T2 ,MRN2,dO,1600,WoFab,500,748746,        2019NL027,,20195400127,17,4,2019,2,34,55.26767,6.18433,16,24,1287,,,2,3.141592654,1,1.091925048,EMD,Valeport,11901,8.15,12995,8.54,4587.496218,f,0,44,49,7.21,,,,7.07,34.61,,34.68,39F6,,n
EH,DRS,NL,1340,DRS,,64T2 ,MRN2,dO,1600,WoFab,500,748747,        2019NL028,,20195400128,17,4,2019,4,48,55.057,6.81933,14,18,1375,,,2,3.141592654,1,1.094193818,EMD,Valeport,9576,8.15,10478,8.54,3691.275001,f,0,35,38,7.4,,,,7.1,32.37,,34.52,39F6,,n
EH,DRS,NL,1340,DRS,,64T2 ,MRN2,dO,1600,WoFab,500,748748,        2019NL029,,20195400129,17,4,2019,6,4,55.00133,7.192,10,36,1062,,,2,3.141592654,1,1.103623387,EMD,Valeport,7286,8.15,8041,8.54,2808.545286,f,0,26,32,7.32,,,,7.32,31.75,,33.44,39F7,,n
EH,DRS,NL,1340,DRS,,64T2 ,MRN2,dO,1600,WoFab,500,748749,        2019NL030,,20195400130,17,4,2019,7,20,54.75417,7.253,11,0,1180,,,2,3.141592654,1,1.057310801,EMD,Valeport,9527,8.15,10073,8.54,3672.386898,f,0,24,28,7.22,,,,7.35,31.89,,33.32,38F7,,d
EH,DRS,NL,1340,DRS,,64T2 ,MRN2,dO,1600,WoFab,500,748750,        2019NL031,,20195400131,17,4,2019,9,31,54.33333,7.1405,12,18,1209,,,2,3.141592654,1,1.041639797,EMD,Valeport,10855,8.15,11307,8.54,4184.293038,f,0,37,42,7.6,,,,7.28,33.08,,34.49,37F7,,d
EH,DRS,NL,1340,DRS,,64T2 ,MRN2,dO,1600,WoFab,500,748751,        2019NL032,,20195400132,17,4,2019,10,34,54.34233,6.824,13,30,1507,,,2,3.141592654,1,1.071480738,EMD,Valeport,10954,8.15,11737,8.54,4222.454716,f,0,34,39,7.66,,,,7.29,34.11,,34.48,37F6,,d
EH,DRS,NL,1340,DRS,,64T2 ,MRN2,dO,1600,WoFab,500,748752,        2019NL033,,20195400133,17,4,2019,12,18,54.65967,6.64167,10,36,1343,,,2,3.141592654,1,1.045519059,EMD,Valeport,9864,8.15,10313,8.54,3802.29079,f,0,34,40,7.66,,,,7.19,33.55,,34.56,38F6,,d
EH,DRS,NL,1340,DRS,,64T2 ,MRN2,dO,1600,WoFab,500,748753,        2019NL034,,20195400134,17,4,2019,13,15,54.6545,6.31933,12,6,1475,,,2,3.141592654,1,1.053499738,EMD,Valeport,11458,8.15,12071,8.54,4416.732347,f,0,36,41,7.85,,,,7.19,33.99,,34.58,38F6,,d
EH,DRS,NL,1340,DRS,,64T2 ,MRN2,dO,1600,WoFab,500,748754,        2019NL035,,20195400135,17,4,2019,15,30,54.27083,6.067,15,54,1423,,,2,3.141592654,1,1.051484046,EMD,Valeport,12567,8.15,13214,8.54,4844.220231,f,0,35,40,7.72,,,,7.7,34.57,,34.58,37F6,,d
EH,DRS,NL,1340,DRS,,64T2 ,MRN2,dO,1600,WoFab,500,748755,        2019NL036,,20195400136,17,4,2019,16,52,54.272,5.67133,14,48,1110,,,2,3.141592654,1,1.072290233,EMD,Valeport,11191,8.15,12000,8.54,4313.811459,f,0,38,41,7.47,,,,7.34,34.41,,34.39,37F5,,d
EH,DRS,NL,1340,DRS,,64T2 ,MRN2,dO,1600,WoFab,500,748756,        2019NL037,,20195400137,17,4,2019,18,47,54.6085,5.622,10,42,695,,,2,3.141592654,1,1.059328452,EMD,Valeport,7922,8.15,8392,8.54,3053.705154,f,0,39,44,7.38,,,,7.35,34.74,,34.67,38F5,,d
EH,DRS,NL,1340,DRS,,64T2 ,MRN2,dO,1600,WoFab,500,748757,        2019NL038,,20195400138,17,4,2019,19,48,54.606,5.30667,11,18,933,,,2,3.141592654,1,1.06987099,EMD,Valeport,8759,8.15,9371,8.54,3376.344792,f,0,40,45,7.37,,,,7.34,34.7,,34.67,38F5,,d
EH,DRS,NL,1340,DRS,,64T2 ,MRN2,dO,1600,WoFab,500,748758,        2019NL039,,20195400139,17,4,2019,21,25,54.33483,5.15117,10,42,978,,,2,3.141592654,1,1.057340284,EMD,Valeport,8249,8.15,8722,8.54,3179.754332,f,0,40,45,7.35,,,,7.28,34.58,,34.53,37F5,,n
EH,DRS,NL,1340,DRS,,64T2 ,MRN2,dO,1600,WoFab,500,748759,        2019NL040,,20195400140,17,4,2019,22,26,54.3425,4.81867,10,24,1152,,,2,3.141592654,1,1.055396261,EMD,Valeport,8719,8.15,9202,8.54,3360.925933,f,0,40,46,7.31,,,,7.27,34.58,,34.57,37F4,,n
EH,DRS,NL,1340,DRS,,64T2 ,MRN2,dO,1600,WoFab,500,748760,        2019NL041,U,20195400141,18,4,2019,0,10,54.658,4.6215,14,30,1743,,,2,3.141592654,1,1.042510608,EMD,Valeport,12491,8.15,13022,8.54,4814.924398,f,0,47,49,7.47,,,,7.41,34.7,,34.7,38F4,,n
EH,DRS,NL,1340,DRS,,64T2 ,MRN2,dO,1600,WoFab,500,748761,        2019NL042,,20195400142,18,4,2019,1,13,54.65133,4.30483,19,30,2148,,,2,3.141592654,1,1.047099567,EMD,Valeport,17325,8.15,18141,8.54,6678.293587,f,0,45,49,7.41,,,,7.39,34.64,,34.63,38F4,,n
EH,DRS,NL,1340,DRS,,64T2 ,MRN2,dO,1600,WoFab,500,748762,        2019NL043,,20195400143,18,4,2019,2,56,54.34317,4.15933,10,30,1018,,,2,3.141592654,1,1.053890079,EMD,Valeport,8406,8.15,8859,8.54,3240.273356,f,0,45,50,7.46,,,,7.42,34.65,,34.64,37F4,,n
EH,DRS,NL,1340,DRS,,64T2 ,MRN2,dO,1600,WoFab,500,748764,        2019NL044,,20195400144,18,4,2019,4,15,54.25233,3.75117,15,12,1189,,,2,3.141592654,1,1.063486465,EMD,Valeport,11341,8.15,12061,8.54,4371.632183,f,0,39,44,7.47,,,,7.47,34.61,,34.59,37F3,,n
EH,DRS,NL,1340,DRS,,64T2 ,MRN2,dO,1600,WoFab,500,748765,        2019NL045,,20195400145,18,4,2019,5,43,54.15467,3.32233,12,36,863,,,2,3.141592654,1,1.065051977,EMD,Valeport,9331,8.15,9938,8.54,3596.834485,f,0,37,41,7.66,,,,7.67,34.62,,34.57,37F3,,n
EH,DRS,NL,1340,DRS,,64T2 ,MRN2,dO,1600,WoFab,500,748766,        2019NL046,,20195400146,18,4,2019,7,2,53.893,3.33567,14,48,1486,,,2,3.141592654,1,1.067792162,EMD,Valeport,11432,8.15,12207,8.54,4406.710088,f,0,34,39,7.88,,,,7.88,34.65,,34.61,36F3,,d
EH,DRS,NL,1340,DRS,,64T2 ,MRN2,dO,1600,WoFab,500,748767,        2019NL047,,20195400147,18,4,2019,8,42,53.73683,3.80117,11,12,1048,,,2,3.141592654,1,1.059438951,EMD,Valeport,8698,8.15,9215,8.54,3352.831031,f,0,34,39,8.03,,,,7.91,34.98,,34.57,36F3,,d
EH,DRS,NL,1340,DRS,,64T2 ,MRN2,dO,1600,WoFab,500,748768,        2019NL048,,20195400148,18,4,2019,10,1,53.64317,4.15083,11,18,1438,,,2,3.141592654,1,1.05556055,EMD,Valeport,11123,8.15,11741,8.54,4287.599398,f,0,34,39,8.03,,,,7.88,34.41,,34.45,36F4,,d
EH,DRS,NL,1340,DRS,,64T2 ,MRN2,dO,1600,WoFab,500,748769,        2019NL049,,20195400149,18,4,2019,11,46,53.3265,3.7915,12,12,1500,,,2,3.141592654,1,1.047726161,EMD,Valeport,10225,8.15,10713,8.54,3941.445998,f,0,22,27,8.83,,,,8.47,34.11,,34.45,35F3,,d
EH,DRS,NL,1340,DRS,,64T2 ,MRN2,dO,1600,WoFab,500,748770,        2019NL050,,20195400150,18,4,2019,13,23,53.25467,3.238,10,36,1064,,,2,3.141592654,1,1.03729706,EMD,Valeport,9116,8.15,9456,8.54,3513.958115,f,0,22,26,8.75,,,,8.69,34.97,,34.91,35F3,,d
EH,DRS,NL,1340,DRS,,64T2 ,MRN2,dO,1600,WoFab,500,748771,        2019NL051,,20195400151,18,4,2019,14,33,53.1705,2.92483,11,30,590,,,2,3.141592654,1,1.038363171,EMD,Valeport,8993,8.15,9338,8.54,3466.545121,f,0,30,35,9.04,,,,8.99,35.18,,35.03,35F2,,d
EH,DRS,NL,1340,DRS,,64T2 ,MRN2,dO,1600,WoFab,500,748772,        2019NL052,,20195400152,18,4,2019,16,20,52.83533,2.918,14,24,1179,,,2,3.141592654,1,1.033288206,EMD,Valeport,12557,8.15,12975,8.54,4840.365516,f,0,35,39,8.9,,,,8.91,34.92,,34.9,34F2,,d
EH,DRS,NL,1340,DRS,,64T2 ,MRN2,dO,1600,WoFab,500,748773,        2019NL053,,20195400153,18,4,2019,17,43,52.75017,3.254,13,6,1147,,,2,3.141592654,1,1.052746419,EMD,Valeport,10541,8.15,11097,8.54,4063.25499,f,0,28,33,9.32,,,,9.3,35.71,,35.1,34F3,,d
EH,DRS,NL,1340,DRS,,64T2 ,MRN2,dO,1600,WoFab,500,748774,        2019NL054,,20195400154,18,4,2019,19,7,52.6555,3.62633,12,0,1296,,,2,3.141592654,1,1.045536567,EMD,Valeport,9421,8.15,9850,8.54,3631.526919,f,0,27,30,9.13,,,,9.13,35.15,,34.99,34F3,,d
EH,DRS,NL,1340,DRS,,64T2 ,MRN2,dO,1600,WoFab,500,748775,        2019NL055,,20195400155,18,4,2019,20,41,52.31983,3.60333,11,42,1468,,,2,3.141592654,1,1.049771789,EMD,Valeport,9202,8.15,9660,8.54,3547.108663,f,0,24,32,9.41,,,,9.3,35.29,,34.89,33F3,,d
EH,DRS,NL,1340,DRS,,64T2 ,MRN2,dO,1600,WoFab,500,748776,        2019NL056,,20195400156,18,4,2019,22,6,52.24233,3.20867,13,48,1553,,,2,3.141592654,1,1.038674033,EMD,Valeport,11765,8.15,12220,8.54,4535.072095,f,0,31,37,9.34,,,,9.34,34.97,,34.96,33F3,,n
EH,DRS,NL,1340,DRS,,64T2 ,MRN2,dO,1600,WoFab,500,748777,        2019NL057,,20195400157,18,4,2019,23,31,52.23833,2.77267,17,24,1433,,,2,3.141592654,1,1.040233436,EMD,Valeport,14565,8.15,15151,8.54,5614.392271,f,0,40,46,9.42,,,,9.41,35.16,,35.07,33F2,,n
EH,DRS,NL,1340,DRS,,64T2 ,MRN2,dO,1600,WoFab,500,748778,        2019NL058,,20195400158,19,4,2019,0,42,52.10917,2.56833,10,36,367,,,2,3.141592654,1,1.057458426,EMD,Valeport,8058,8.15,8521,8.54,3106.129277,f,0,40,44,9.34,,,,9.32,35.09,,34.99,33F2,,n
EH,DRS,NL,1340,DRS,,64T2 ,MRN2,dO,1600,WoFab,500,748779,        2019NL059,,20195400159,19,4,2019,2,22,51.85317,2.384,12,48,0,,,2,3.141592654,1,1.062234957,EMD,Valeport,8725,8.15,9268,8.54,3363.238761,f,0,39,44,9.5,,,,9.5,35.11,,35.03,32F2,,n
EH,DRS,NL,1340,DRS,,64T2 ,MRN2,dO,1600,WoFab,500,748780,        2019NL060,,20195400160,19,4,2019,4,17,51.70267,2.8855,10,24,860,,,2,3.141592654,1,1.051024455,EMD,Valeport,7565,8.15,7951,8.54,2916.091832,f,0,29,36,9.81,,,,9.81,34.47,,34.44,32F2,,n
EH,DRS,NL,1340,DRS,,64T2 ,MRN2,dO,1600,WoFab,500,748781,        2019NL061,,20195400161,19,4,2019,5,33,51.68633,3.18683,13,12,1001,,,2,3.141592654,1,1.050582552,EMD,Valeport,10557,8.15,11091,8.54,4069.422534,f,0,27,32,9.76,,,,9.69,33.46,,33.49,32F3,,n
EH,DRS,NL,1340,DRS,,64T2 ,MRN2,dO,1600,WoFab,500,748782,        2019NL062,,20195400162,19,4,2019,7,17,51.82,3.60367,10,42,460,,,2,3.141592654,1,1.055421992,EMD,Valeport,7903,8.15,8341,8.54,3046.381196,f,0,22,27,9.43,,,,9.45,33.07,,32.92,32F3,,d
EH,DRS,NO,,,,58J1,MRN2,,1600,,,,338,,,25,4,2019,18,35,56.7382,7.74567,,,,,,,,,,,,,,,,4767,,,33,33,,,,,,,,,,,d
EH,DRS,NO,,,,58J1,MRN2,,1600,,,,339,,,25,4,2019,22,30,56.2328,7.74267,,,,,,,,,,,,,,,,5083,,,26,27,,,,,,,,,,,n
EH,DRS,NO,,,,58J1,MRN2,,1600,,,,345,,,26,4,2019,5,2,56.2657,7.24917,,,,,,,,,,,,,,,,4450,,,32,31,,,,,,,,,,,n
EH,DRS,NO,,,,58J1,MRN2,,1600,,,,346,,,26,4,2019,8,35,56.7533,7.2225,,,,,,,,,,,,,,,,4712,,,32,31,,,,,,,,,,,d
EH,DRS,NO,,,,58J1,MRN2,,1600,,,,347,,,26,4,2019,10,46,56.7358,6.749,,,,,,,,,,,,,,,,4740,,,42,42,,,,,,,,,,,d
EH,DRS,NO,,,,58J1,MRN2,,1600,,,,348,,,26,4,2019,14,30,56.2505,6.75133,,,,,,,,,,,,,,,,3685,,,38,39,,,,,,,,,,,d
EH,DRS,NO,,,,58J1,MRN2,,1600,,,,349,,,26,4,2019,16,45,56.2487,6.24917,,,,,,,,,,,,,,,,3240,,,44,40,,,,,,,,,,,d
EH,DRS,NO,,,,58J1,MRN2,,1600,,,,350,,,26,4,2019,21,10,56.7508,6.24933,,,,,,,,,,,,,,,,4412,,,48,48,,,,,,,,,,,n
EH,DRS,NO,,,,58J1,MRN2,,1600,,,,351,,,26,4,2019,23,20,56.749,5.75083,,,,,,,,,,,,,,,,3884,,,57,56,,,,,,,,,,,n
EH,DRS,NO,,,,58J1,MRN2,,1600,,,,352,,,27,4,2019,3,10,56.2523,5.75067,,,,,,,,,,,,,,,,3697,,,50,50,,,,,,,,,,,n
EH,DRS,NO,,,,58J1,MRN2,,1600,,,,353,,,27,4,2019,7,0,55.8333,5.58383,,,,,,,,,,,,,,,,4245,,,50,51,,,,,,,,,,,d
EH,DRS,NO,,,,58J1,MRN2,,1600,,,,354,,,27,4,2019,11,0,56.2487,5.251,,,,,,,,,,,,,,,,3130,,,55,55,,,,,,,,,,,d
EH,DRS,NO,,,,58J1,MRN2,,1600,,,,355,,,27,4,2019,14,55,56.7508,5.24933,,,,,,,,,,,,,,,,4204,,,57,59,,,,,,,,,,,d
EH ,DRS ,NL,1340,DRS ,  ,64T2 ,MRN2 ,  ,1600,WovFab ,500,10033370,2021NL5400121 ,  ,20215400121,19,4,2021,10,11,52.25517,4.25733,12,12,1148,  ,  ,2,3.141592654,1,0,EMD ,Valeport ,10190,8.25,10826,8.67,3880.342927,f ,0,13,19,7.65,  ,  ,  ,7.65,31.12,  ,31.23,33F4 , ,d
EH ,DRS ,NL,1340,DRS ,  ,64T2 ,MRN2 ,  ,1600,WovFab ,500,10033371,2021NL5400122 ,  ,20215400122,19,4,2021,12,41,52.7535,4.23767,12,24,796,  ,  ,2,3.141592654,1,0,EMD ,Valeport ,9295,8.25,9903,8.67,3539.527724,f ,0,19,24,7.92,  ,  ,  ,7.81,34.84,  ,34.85,34F4 , ,d
EH ,DRS ,NL,1340,DRS ,  ,64T2 ,MRN2 ,  ,1600,WovFab ,500,10033372,2021NL5400123 ,  ,20215400123,19,4,2021,15,4,53.13683,4.44267,11,54,783,  ,  ,2,3.141592654,1,0,EMD ,Valeport ,9275,8.25,9939,8.67,3531.911741,f ,0,22,29,7.79,  ,  ,  ,7.6,33.69,  ,34.03,35F4 , ,d
EH ,DRS ,NL,1340,DRS ,  ,64T2 ,MRN2 ,  ,1600,WovFab ,500,10033373,2021NL5400124 ,  ,20215400124,19,4,2021,16,20,53.33633,4.60417,11,18,803,  ,  ,2,3.141592654,1,0,EMD ,Valeport ,8128,8.25,8702,8.67,3095.135163,f ,0,19,26,7.71,  ,  ,  ,7.67,33.99,  ,34.01,35F4 , ,d
EH ,DRS ,NL,1340,DRS ,  ,64T2 ,MRN2 ,  ,1600,WovFab ,500,10033369,2021NL5400125 ,  ,20215400125,19,4,2021,18,17,53.667,4.838,15,24,1086,  ,  ,2,3.141592654,1,0,EMD ,Valeport ,11597,8.25,12564,8.67,4416.127274,f ,0,25,32,7.33,  ,  ,  ,6.67,34.33,  ,34.28,36F4 , ,d
EH ,DRS ,NL,1340,DRS ,  ,64T2 ,MRN2 ,  ,1600,WovFab ,500,10033374,2021NL5400126 ,  ,20215400126,19,4,2021,19,43,53.75167,5.242,12,30,896,  ,  ,2,3.141592654,1,0,EMD ,Valeport ,8901,8.25,9671,8.67,3389.492874,f ,0,26,33,7.38,  ,  ,  ,7.35,34.43,  ,34.4,36F5 , ,d
EH ,DRS ,NL,1340,DRS ,  ,64T2 ,MRN2 ,  ,1600,WovFab ,500,10033375,2021NL5400127 ,  ,20215400127,19,4,2021,21,21,53.76833,5.735,12,36,887,  ,  ,2,3.141592654,1,0,EMD ,Valeport ,8936,8.25,9676,8.67,3402.820843,f ,0,25,29,7.37,  ,  ,  ,7.31,34.11,  ,34.16,36F5 , ,n
EH ,DRS ,NL,1340,DRS ,  ,64T2 ,MRN2 ,  ,1600,WovFab ,500,10033376,2021NL5400128 ,  ,20215400128,19,4,2021,23,15,53.75067,6.318,13,18,940,  ,  ,2,3.141592654,1,0,EMD ,Valeport ,10848,8.25,11680,8.67,4130.908741,f ,0,18,25,7.3,  ,  ,  ,6.93,31.66,  ,32.19,36F6 , ,n
EH ,DRS ,NL,1340,DRS ,  ,64T2 ,MRN2 ,  ,1600,WovFab ,500,10033377,2021NL5400129 ,  ,20215400129,20,4,2021,0,33,53.8185,6.72083,12,12,860,  ,  ,2,3.141592654,1,0,EMD ,Valeport ,9515,8.25,10138,8.67,3623.303528,f ,0,18,22,7.09,  ,  ,  ,7,31.48,  ,31.67,36F6 , ,n
EH ,DRS ,NL,1340,DRS ,  ,64T2 ,MRN2 ,  ,1600,WovFab ,500,10033378,2021NL5400130 ,  ,20215400130,20,4,2021,2,3,53.88767,7.22133,11,30,810,  ,  ,2,3.141592654,1,0,EMD ,Valeport ,8720,8.25,9403,8.67,3320.568236,f ,0,19,25,6.89,  ,  ,  ,6.77,31.18,  ,31.39,36F7 , ,n
EH ,DRS ,NL,1340,DRS ,  ,64T2 ,MRN2 ,  ,1600,WovFab ,500,10033379,2021NL5400131 ,  ,20215400131,20,4,2021,4,49,54.2575,7.61683,11,18,801,  ,  ,2,3.141592654,1,0,EMD ,Valeport ,8756,8.25,9464,8.67,3334.277003,f ,0,34,40,7.52,  ,  ,  ,5.43,31.19,  ,32.83,37F7 , ,n
EH ,DRS ,NL,1340,DRS ,  ,64T2 ,MRN2 ,  ,1600,WovFab ,500,10033380,2021NL5400132 ,  ,20215400132,20,4,2021,6,52,54.722,7.52517,11,54,839,  ,  ,2,3.141592654,1,0,EMD ,Valeport ,10669,8.25,11538,8.67,4062.7457,f ,0,19,24,6.37,  ,  ,  ,6.11,31.43,  ,31.58,38F7 , ,d
EH ,DRS ,NL,1340,DRS ,  ,64T2 ,MRN2 ,  ,1600,WovFab ,500,10033381,2021NL5400133 ,  ,20215400133,20,4,2021,9,16,55.25533,7.62333,13,0,919,  ,  ,2,3.141592654,1,0,EMD ,Valeport ,10450,8.25,11277,8.67,3979.350695,f ,0,18,25,7.43,  ,  ,  ,6.23,31.61,  ,32.97,39F7 , ,d
EH ,DRS ,NL,1340,DRS ,  ,64T2 ,MRN2 ,  ,1600,WovFab ,500,10033382,2021NL5400134 ,  ,20215400134,20,4,2021,11,23,55.67467,7.42533,11,6,781,  ,  ,2,3.141592654,1,0,EMD ,Valeport ,8493,8.25,9208,8.67,3234.126838,f ,0,12,19,6.57,  ,  ,  ,6.52,33.05,  ,33.03,40F7 , ,d
EH ,DRS ,NL,1340,DRS ,  ,64T2 ,MRN2 ,  ,1600,WovFab ,500,10033383,2021NL5400135 ,  ,20215400135,20,4,2021,12,14,55.75217,7.22433,10,30,743,  ,  ,2,3.141592654,1,0,EMD ,Valeport ,7893,8.25,8534,8.67,3005.647372,f ,0,23,31,6.08,  ,  ,  ,5.85,33.53,  ,33.67,40F7 , ,d
EH ,DRS ,NL,1340,DRS ,  ,64T2 ,MRN2 ,  ,1600,WovFab ,500,10033384,2021NL5400136 ,  ,20215400136,20,4,2021,13,50,55.75133,6.75167,13,24,967,  ,  ,2,3.141592654,1,0,EMD ,Valeport ,10095,8.25,10842,8.67,3844.167011,f ,0,30,37,6.9,  ,  ,  ,5.71,34.15,  ,34.46,40F6 , ,d
EH ,DRS ,NL,1340,DRS ,  ,64T2 ,MRN2 ,  ,1600,WovFab ,500,10033385,2021NL5400137 ,  ,20215400137,20,4,2021,15,19,55.74267,6.2335,10,48,769,  ,  ,2,3.141592654,1,0,EMD ,Valeport ,7692,8.25,8205,8.67,2929.106751,f ,0,40,46,6.87,  ,  ,  ,5.64,34.74,  ,34.69,40F6 , ,d
EH ,DRS ,NL,1340,DRS ,  ,64T2 ,MRN2 ,  ,1600,WovFab ,500,10033386,2021NL5400138 ,  ,20215400138,20,4,2021,16,45,55.68867,5.75383,11,36,820,  ,  ,2,3.141592654,1,0,EMD ,Valeport ,8674,8.25,9330,8.67,3303.051477,f ,0,44,51,7.4,  ,  ,  ,5.84,34.51,  ,34.62,40F5 , ,d
EH ,DRS ,NL,1340,DRS ,  ,64T2 ,MRN2 ,  ,1600,WovFab ,500,10033387,2021NL5400139 ,  ,20215400139,20,4,2021,18,6,55.5595,5.322,14,18,1011,  ,  ,2,3.141592654,1,  ,EMD ,Valeport ,11774,8.25,  ,8.67,4483.528716,f ,0,43,49,6.86,  ,  ,  ,5.83,34.31,  ,34.6,40F5 , ,d
EH ,DRS ,NL,1340,DRS ,  ,64T2 ,MRN2 ,  ,1600,WovFab ,500,10033388,2021NL5400140 ,  ,20215400140,20,4,2021,19,39,55.341,4.97533,10,54,769,  ,  ,2,3.141592654,1,  ,EMD ,Valeport ,8052,8.25,  ,8.67,3066.19443,f ,0,42,49,7.29,  ,  ,  ,5.89,34.65,  ,34.54,39F4 , ,d
EH ,DRS ,NL,1340,DRS ,  ,64T2 ,MRN2 ,  ,1600,WovFab ,500,10033389,2021NL5400141 ,  ,20215400141,20,4,2021,20,34,55.25933,5.22017,10,36,750,  ,  ,2,3.141592654,1,  ,EMD ,Valeport ,7683,8.25,  ,8.67,2925.679559,f ,0,35,42,6.86,  ,  ,  ,6.08,34.55,  ,34.5,39F5 , ,d
EH ,DRS ,NL,1340,DRS ,  ,64T2 ,MRN2 ,  ,1600,WovFab ,500,10033426,2021NL5400142 ,  ,20215400142,20,4,2021,22,8,55.25133,5.77133,11,42,828,  ,  ,2,3.141592654,1,  ,EMD ,Valeport ,8655,8.25,  ,8.67,3295.816293,f ,0,40,47,6.75,  ,  ,  ,5.95,34.22,  ,34.56,39F5 , ,n
EH ,DRS ,NL,1340,DRS ,  ,64T2 ,MRN2 ,  ,1600,WovFab ,500,10033390,2021NL5400143 ,  ,20215400143,20,4,2021,23,37,55.23933,6.2545,11,48,836,  ,  ,2,3.141592654,1,0,EMD ,Valeport ,9667,8.25,10045,8.67,3681.184992,f ,0,42,48,6.67,  ,  ,  ,5.82,34.12,  ,34.39,39F6 , ,n
EH ,DRS ,NL,1340,DRS ,  ,64T2 ,MRN2 ,  ,1600,WovFab ,500,10033391,2021NL5400144 ,  ,20215400144,21,4,2021,1,17,55.05833,6.805,10,42,769,  ,  ,2,3.141592654,1,0,EMD ,Valeport ,9010,8.25,9390,8.67,3430.999977,f ,0,32,38,6.8,  ,  ,  ,6,33.97,  ,34.14,39F6 , ,n
EH ,DRS ,NL,1340,DRS ,  ,64T2 ,MRN2 ,  ,1600,WovFab ,500,10033392,2021NL5400145 ,  ,20215400145,21,4,2021,2,30,54.991,7.19067,12,54,909,  ,  ,2,3.141592654,1,0,EMD ,Valeport ,10311,8.25,10743,8.67,3926.419619,f ,0,25,31,6.4,  ,  ,  ,6.04,33.47,  ,33.66,38F7 , ,n
EH ,DRS ,NL,1340,DRS ,  ,64T2 ,MRN2 ,  ,1600,WovFab ,500,10033393,2021NL5400146 ,  ,20215400146,21,4,2021,3,45,54.74033,7.15017,12,30,878,  ,  ,2,3.141592654,1,0,EMD ,Valeport ,10464,8.25,11088,8.67,3984.681883,f ,0,23,30,6.82,  ,  ,  ,5.78,32.1,  ,33.06,38F7 , ,n
EH ,DRS ,NL,1340,DRS ,  ,64T2 ,MRN2 ,  ,1600,WovFab ,500,10033394,2021NL5400147 ,  ,20215400147,21,4,2021,5,45,54.33383,7.13967,14,0,990,  ,  ,2,3.141592654,1,0,EMD ,Valeport ,10071,8.25,10632,8.67,3835.027833,f ,0,35,41,7.78,  ,  ,  ,5.87,33.2,  ,33.47,37F7 , ,n
EH ,DRS ,NL,1340,DRS ,  ,64T2 ,MRN2 ,  ,1600,WovFab ,500,10033395,2021NL5400148 ,  ,20215400148,21,4,2021,6,35,54.35283,6.975,13,36,957,  ,  ,2,3.141592654,1,0,EMD ,Valeport ,10467,8.25,10872,8.67,3985.82428,f ,0,33,40,6.12,  ,  ,  ,5.94,33.14,  ,33.3,37F6 , ,d
EH ,DRS ,NL,1340,DRS ,  ,64T2 ,MRN2 ,  ,1600,WovFab ,500,10033396,2021NL5400149 ,  ,20215400149,21,4,2021,8,47,54.65867,6.619,14,12,1324,  ,  ,2,3.141592654,1,0,EMD ,Valeport ,11721,8.25,12295,8.67,4463.346363,f ,0,33,40,7.36,  ,  ,  ,5.94,33.74,  ,33.79,38F6 , ,d
EH ,DRS ,NL,1340,DRS ,  ,64T2 ,MRN2 ,  ,1600,WovFab ,500,10033397,2021NL5400150 ,  ,20215400150,21,4,2021,9,49,54.65417,6.318,10,30,971,  ,  ,2,3.141592654,1,  ,EMD ,Valeport ,8810,8.25,  ,8.67,3354.840155,f ,0,36,41,6.91,  ,  ,  ,6.16,33.47,  ,33.91,38F6 , ,d
EH ,DRS ,NL,1340,DRS ,  ,64T2 ,MRN2 ,  ,1600,WovFab ,500,10033398,2021NL5400151 ,  ,20215400151,21,4,2021,11,53,54.25433,6.11733,17,24,1619,  ,  ,2,3.141592654,1,0,EMD ,Valeport ,14234,8.25,14867,8.67,5420.294526,f ,0,33,40,7.83,  ,  ,  ,6.55,33.36,  ,34.13,37F6 , ,d
EH ,DRS ,NL,1340,DRS ,  ,64T2 ,MRN2 ,  ,1600,WovFab ,500,10033399,2021NL5400152 ,  ,20215400152,21,4,2021,13,28,54.28783,5.68483,17,12,1585,  ,  ,2,3.141592654,1,0,EMD ,Valeport ,14275,8.25,15437,8.67,5435.907289,f ,0,34,40,8.13,  ,  ,  ,6.49,33.7,  ,34.47,37F5 , ,d
EH ,DRS ,NL,1340,DRS ,  ,64T2 ,MRN2 ,  ,1600,WovFab ,500,10033400,2021NL5400153 ,  ,20215400153,21,4,2021,15,31,54.61683,5.6095,16,48,1548,  ,  ,2,3.141592654,1,0,EMD ,Valeport ,13155,8.25,14377,8.67,5009.412287,f ,0,38,44,8.06,  ,  ,  ,6.13,33.81,  ,34.31,38F5 , ,d
EH ,DRS ,NL,1340,DRS ,  ,64T2 ,MRN2 ,  ,1600,WovFab ,500,10033401,2021NL5400154 ,  ,20215400154,21,4,2021,16,39,54.617,5.30583,10,48,1027,  ,  ,2,3.141592654,1,1,EMD ,Valeport ,7999,8.25,8964,8.67,3046.012078,f ,0,38,46,7.32,  ,  ,  ,6.14,34.41,  ,34.48,38F5 , ,d
EH ,DRS ,NL,1340,DRS ,  ,64T2 ,MRN2 ,  ,1600,WovFab ,500,10033402,2021NL5400155 ,  ,20215400155,21,4,2021,18,11,54.33583,5.15317,11,36,1065,  ,  ,2,3.141592654,1,0,EMD ,Valeport ,9188,8.25,9788,8.67,3498.782219,f ,0,39,45,7.74,  ,  ,  ,6.44,34.4,  ,34.47,37F5 , ,d
EH ,DRS ,NL,1340,DRS ,  ,64T2 ,MRN2 ,  ,1600,WovFab ,500,10033403,2021NL5400156 ,  ,20215400156,21,4,2021,19,15,54.32417,4.8365,17,12,1606,  ,  ,2,3.141592654,1,0,EMD ,Valeport ,13905,8.25,14892,8.67,5295.011619,f ,0,39,46,7.21,  ,  ,  ,6.56,34.47,  ,34.54,37F4 , ,d
EH ,DRS ,NL,1340,DRS ,  ,64T2 ,MRN2 ,  ,1600,WovFab ,500,10033404,2021NL5400157 ,  ,20215400157,21,4,2021,21,27,54.63867,4.66783,13,12,1219,  ,  ,2,3.141592654,1,0,EMD ,Valeport ,11415,8.25,12092,8.67,4346.821836,f ,0,42,48,7.06,  ,  ,  ,6.22,34.6,  ,34.61,38F4 , ,n
EH ,DRS ,NL,1340,DRS ,  ,64T2 ,MRN2 ,  ,1600,WovFab ,500,10033405,2021NL5400158 ,  ,20215400158,21,4,2021,22,40,54.651,4.323,11,6,1062,  ,  ,2,3.141592654,1,  ,EMD ,Valeport ,8345,8.25,  ,8.67,3177.768569,f ,0,44,50,6.95,  ,  ,  ,6.17,34.55,  ,34.61,38F4 , ,n
EH ,DRS ,NL,1340,DRS ,  ,64T2 ,MRN2 ,  ,1600,WovFab ,500,10033406,2021NL5400159 ,  ,20215400159,22,4,2021,0,23,54.33433,4.15733,12,24,1142,  ,  ,2,3.141592654,1,0,EMD ,Valeport ,10154,8.25,10944,8.67,3866.634159,f ,0,43,50,7.32,  ,  ,  ,6.37,34.58,  ,34.56,37F4 , ,n
EH ,DRS ,NL,1340,DRS ,  ,64T2 ,MRN2 ,  ,1600,WovFab ,500,10033407,2021NL5400160 ,  ,20215400160,22,4,2021,1,42,54.24133,3.759,10,36,981,  ,  ,2,3.141592654,1,0,EMD ,Valeport ,8038,8.25,8764,8.67,3060.863243,f ,0,37,44,6.81,  ,  ,  ,6.36,34.43,  ,34.4,37F3 , ,n
EH ,DRS ,NL,1340,DRS ,  ,64T2 ,MRN2 ,  ,1600,WovFab ,500,10033408,2021NL5400161 ,  ,20215400161,22,4,2021,3,6,54.158,3.32267,10,24,963,  ,  ,2,3.141592654,1,1,EMD ,Valeport ,7105,8.25,7891,8.67,2705.577674,f ,0,37,43,7.6,  ,  ,  ,7.16,34.27,  ,34.64,37F3 , ,n
EH ,DRS ,NL,1340,DRS ,  ,64T2 ,MRN2 ,  ,1600,WovFab ,500,10033409,2021NL5400162 ,  ,20215400162,22,4,2021,4,30,53.87317,3.32367,11,54,1096,  ,  ,2,3.141592654,1,0,EMD ,Valeport ,9616,8.25,10436,8.67,3661.764238,f ,0,37,44,7.08,  ,  ,  ,6.75,34.44,  ,34.49,36F3 , ,n
EH ,DRS ,NL,1340,DRS ,  ,64T2 ,MRN2 ,  ,1600,WovFab ,500,10033410,2021NL5400163 ,  ,20215400163,22,4,2021,6,4,53.7225,3.77283,13,30,1244,  ,  ,2,3.141592654,1,0,EMD ,Valeport ,10569,8.25,11437,8.67,4024.665789,f ,0,32,39,6.9,  ,  ,  ,6.58,34.47,  ,34.47,36F3 , ,n
EH ,DRS ,NL,1340,DRS ,  ,64T2 ,MRN2 ,  ,1600,WovFab ,500,10033411,2021NL5400164 ,  ,20215400164,22,4,2021,7,19,53.60067,4.04017,14,42,1354,  ,  ,2,3.141592654,1,0,EMD ,Valeport ,11992,8.25,13123,8.67,4566.542922,f ,0,31,37,7.22,  ,  ,  ,6.66,34.5,  ,34.55,36F4 , ,d
EH ,DRS ,NL,1340,DRS ,  ,64T2 ,MRN2 ,  ,1600,WovFab ,500,10033427,2021NL5400165 ,  ,20215400165,22,4,2021,8,47,53.32533,3.83383,13,48,1275,  ,  ,2,3.141592654,1,0,EMD ,Valeport ,10765,8.25,11847,8.67,4099.302415,f ,0,22,29,7.14,  ,  ,  ,7.13,34.28,  ,34.28,35F3 , ,d
EH ,DRS ,NL,1340,DRS ,  ,64T2 ,MRN2 ,  ,1600,WovFab ,500,10033412,2021NL5400166 ,  ,20215400166,22,4,2021,10,32,53.2525,3.2405,14,12,1264,  ,  ,2,3.141592654,1,0,EMD ,Valeport ,10554,8.25,11670,8.67,4018.953803,f ,0,21,28,7.14,  ,  ,  ,7.06,34.17,  ,34.17,35F3 , ,d
EH ,DRS ,NL,1340,DRS ,  ,64T2 ,MRN2 ,  ,1600,WovFab ,500,10033413,2021NL5400167 ,  ,20215400167,22,4,2021,11,45,53.15633,2.92533,15,36,1092,  ,  ,2,3.141592654,1,0,EMD ,Valeport ,12195,8.25,13083,8.67,4643.845141,f ,0,30,36,7.43,  ,  ,  ,7.17,34.13,  ,34.13,35F2 , ,d
EH ,DRS ,NL,1340,DRS ,  ,64T2 ,MRN2 ,  ,1600,WovFab ,500,10033414,2021NL5400168 ,  ,20215400168,22,4,2021,13,29,52.82567,2.9265,11,6,1083,  ,  ,2,3.141592654,1,0,EMD ,Valeport ,8743,8.25,9484,8.67,3329.326615,f ,0,32,36,7.46,  ,  ,  ,7.45,34.36,  ,34.51,34F2 , ,d
EH ,DRS ,NL,1340,DRS ,  ,64T2 ,MRN2 ,  ,1600,WovFab ,500,10033415,2021NL5400169 ,  ,20215400169,22,4,2021,14,33,52.75033,3.23867,11,42,1115,  ,  ,2,3.141592654,1,0,EMD ,Valeport ,8803,8.25,9712,8.67,3352.174562,f ,0,24,29,8.07,  ,  ,  ,7.94,34.98,  ,34.98,34F3 , ,d
EH ,DRS ,NL,1340,DRS ,  ,64T2 ,MRN2 ,  ,1600,WovFab ,500,10033416,2021NL5400170 ,  ,20215400170,22,4,2021,15,56,52.65017,3.61917,10,48,1171,  ,  ,2,3.141592654,1,0,EMD ,Valeport ,7673,8.25,8413,8.67,2921.871568,f ,0,24,29,8.34,  ,  ,  ,8.08,35.09,  ,35.1,34F3 , ,d
EH ,DRS ,NL,1340,DRS ,  ,64T2 ,MRN2 ,  ,1600,WovFab ,500,10033417,2021NL5400271 ,  ,20215400271,22,4,2021,17,26,52.32433,3.6055,10,36,1143,  ,  ,2,3.141592654,1,0,EMD ,Valeport ,7332,8.25,8099,8.67,2792.019071,f ,0,23,28,8.07,  ,  ,  ,8.02,34.97,  ,34.97,33F3 , ,d
EH ,DRS ,NL,1340,DRS ,  ,64T2 ,MRN2 ,  ,1600,WovFab ,500,10033418,2021NL5400272 ,  ,20215400272,22,4,2021,18,38,52.243,3.286,13,0,1280,  ,  ,2,3.141592654,1,0,EMD ,Valeport ,9553,8.25,10544,8.67,3637.773894,f ,0,27,30,7.96,  ,  ,  ,7.96,34.84,  ,34.85,33F3 , ,d
EH ,DRS ,NL,1340,DRS ,  ,64T2 ,MRN2 ,  ,1600,WovFab ,500,10033419,2021NL5400273 ,  ,20215400273,22,4,2021,20,8,52.23783,2.80167,11,42,1010,  ,  ,2,3.141592654,1,0,EMD ,Valeport ,8796,8.25,9581,8.67,3349.508968,f ,0,38,41,8.1,  ,  ,  ,8.11,35,  ,35,33F2 , ,d
EH ,DRS ,NL,1340,DRS ,  ,64T2 ,MRN2 ,  ,1600,WovFab ,500,10033420,2021NL5400274 ,  ,20215400274,22,4,2021,21,14,52.10967,2.53917,11,12,758,  ,  ,2,3.141592654,1,0,EMD ,Valeport ,8713,8.25,9459,8.67,3317.902642,f ,0,39,46,8.01,  ,  ,  ,8.03,34.87,  ,34.88,33F2 , ,n
EH ,DRS ,NL,1340,DRS ,  ,64T2 ,MRN2 ,  ,1600,WovFab ,500,10033421,2021NL5400275 ,  ,20215400275,22,4,2021,22,48,51.8265,2.35967,11,42,672,  ,  ,2,3.141592654,1,0,EMD ,Valeport ,9323,8.25,10001,8.67,3550.190099,f ,0,40,46,8.1,  ,  ,  ,8.2,34.83,  ,34.87,32F2 , ,n
EH ,DRS ,NL,1340,DRS ,  ,64T2 ,MRN2 ,  ,1600,WovFab ,500,10033422,2021NL5400276 ,  ,20215400276,23,4,2021,1,11,51.424,2.41883,10,54,853,  ,  ,2,3.141592654,1,0,EMD ,Valeport ,8181,8.25,8806,8.67,3115.317515,f ,0,21,26,8.49,  ,  ,  ,8.39,32.81,  ,34.01,31F2 , ,n
EH ,DRS ,NL,1340,DRS ,  ,64T2 ,MRN2 ,  ,1600,WovFab ,500,10033423,2021NL5400277 ,  ,20215400277,23,4,2021,2,26,51.35933,2.6695,10,30,699,  ,  ,2,3.141592654,1,1,EMD ,Valeport ,7364,8.25,8353,8.67,2804.204643,f ,0,21,28,8.38,  ,  ,  ,8.2,31.79,  ,33.05,31F2 , ,n
EH ,DRS ,NL,1340,DRS ,  ,64T2 ,MRN2 ,  ,1600,WovFab ,500,10033424,2021NL5400278 ,  ,20215400278,23,4,2021,4,49,51.6395,3.26883,12,30,670,  ,  ,2,3.141592654,1,0,EMD ,Valeport ,9759,8.25,10641,8.67,3716.21851,f ,0,26,33,8.1,  ,  ,  ,8.02,32.67,  ,32.86,32F3 , ,n
EH ,DRS ,NL,1340,DRS ,  ,64T2 ,MRN2 ,  ,1600,WovFab ,500,10033425,2021NL5400279 ,  ,20215400279,23,4,2021,6,25,51.82233,3.63367,11,0,628,  ,  ,2,3.141592654,1,0,EMD ,Valeport ,7903,8.25,8637,8.67,3009.455363,f ,0,20,25,7.86,  ,  ,  ,7.9,31.52,  ,31.62,32F3 , ,d
EH,MIK,NO,HI,2021455,April,58D4,,,1600,,500,242,MIK221,,,20,4,2021,12,36,56.380,7.020,15,21,1409,,,,3.1416,,,,Hydrobios,4873,3.536909,,,1377.76,,,,37.34,,,,,,,,,,,d
EH,MIK,NO,HI,2021455,April,58D4,,,1600,,500,243,MIK222,,,20,4,2021,13,43,56.380,7.130,7,54,745,,,,3.1416,,,,Hydrobios,2538,3.536909,,,717.58,,,,36.22,,,,,,,,,,,d
EH,MIK,NO,HI,2021455,April,58D4,,,1600,,500,245,MIK223,,,20,4,2021,15,23,56.390,7.340,7,0,632,,,,3.1416,,,,Hydrobios,2147,3.536909,,,607.03,,,,31.92,,,,,,,,,,,d
EH,MIK,NO,HI,2021455,April,58D4,,,1600,,500,247,MIK227,,,20,4,2021,17,36,56.380,8.010,6,32,659,,,,3.1416,,,,Hydrobios,2289,3.536909,,,647.18,,,,26.08,,,,,,,,,,,d
EH,MIK,NO,HI,2021455,April,58D4,,,1600,,500,248,MIK230,,,20,4,2021,20,52,56.100,7.530,12,9,1222,,,,3.1416,,,,Hydrobios,4849,3.536909,,,1370.97,,,,24.35,,,,,,,,,,4 vials 1=49;2=60;3=75;4=80,n
EH,MIK,NO,HI,2021455,April,58D4,,,1600,,500,250,MIK231,,,20,4,2021,22,31,56.100,7.330,8,52,800,,,,3.1416,,,,Hydrobios,2989,3.536909,,,845.09,,,,30.41,,,,,,,,,,,n
EH,MIK,NO,HI,2021455,April,58D4,,,1600,,500,253,MIK234,,,21,4,2021,1,4,56.090,7.040,6,51,643,,,,3.1416,,,,Hydrobios,2050,3.536909,,,579.6,,,,33.57,,,,,,,,,,,n
EH,MIK,NO,HI,2021455,April,58D4,,,1600,,500,254,MIK238,,,21,4,2021,5,58,55.190,7.000,11,26,1085,,,,3.1416,,,,Hydrobios,4116,3.536909,,,1163.73,,,,29.28,,,,,,,,,,,n
EH,MIK,NO,HI,2021455,April,58D4,,,1600,,500,256,MIK239,,,21,4,2021,7,44,55.190,7.200,9,55,985,,,,3.1416,,,,Hydrobios,3417,3.536909,,,966.1,,,,26.49,,,,,,,,,,,d
EH,MIK,NO,HI,2021455,April,58D4,,,1600,,500,258,MIK241,,,21,4,2021,9,29,55.190,7.390,6,31,672,,,,3.1416,,,,Hydrobios,2481,3.536909,,,701.46,,,,23.41,,,,,,,,,,,d
EH,MIK,NO,HI,2021455,April,58D4,,,1600,,500,261,MIK243,,,21,4,2021,12,18,55.190,8.130,5,15,476,,,,3.1416,,,,Hydrobios,1870,3.536909,,,528.71,,,,14.55,,,,,,,,,,2 vials 1=60;2=56,d
EH ,DRS ,NL,1340,DRS ,  ,64T2 ,MRN2 ,  ,1600,WovFab ,500,10057754,2022NL5400151 ,  ,20225400151,21,4,2022,6,42,52.334,3.61883,13,54,1435,  ,  ,2,3.141592654,1,0,EMD ,Valeport ,9567,7.73,10958,9,3888.178127,f ,0,24,30,9.33,  ,  ,  ,9.33,34.59,  ,34.59,33F3 , ,d
EH ,DRS ,NL,1340,DRS ,  ,64T2 ,MRN2 ,  ,1600,WovFab ,500,10057755,2022NL5400152 ,  ,20225400152,21,4,2022,8,3,52.26267,3.25267,11,36,995,  ,  ,2,3.141592654,1,0,EMD ,Valeport ,8175,7.73,9196,9,3322.4476,f ,0,27,33,9.48,  ,  ,  ,9.46,34.59,  ,34.58,33F3 , ,d
EH ,DRS ,NL,1340,DRS ,  ,64T2 ,MRN2 ,  ,1600,WovFab ,500,10057756,2022NL5400153 ,  ,20225400153,21,4,2022,9,32,52.228,2.8005,14,24,1618,  ,  ,2,3.141592654,1,0,EMD ,Valeport ,10329,7.73,11762,9,4197.866821,f ,0,37,42,9.58,  ,  ,  ,9.53,34.93,  ,34.9,33F2 , ,d
EH ,DRS ,NL,1340,DRS ,  ,64T2 ,MRN2 ,  ,1600,WovFab ,500,10057757,2022NL5400154 ,  ,20225400154,21,4,2022,11,2,52.11767,2.35567,11,0,1630,  ,  ,2,3.141592654,1,0,EMD ,Valeport ,8285,7.73,9508,9,3367.153317,f ,0,44,52,9.58,  ,  ,  ,9.43,34.88,  ,34.88,33F2 , ,d
EH ,DRS ,NL,1340,DRS ,  ,64T2 ,MRN2 ,  ,1600,WovFab ,500,10057753,2022NL5400155 ,  ,20225400155,21,4,2022,12,27,51.787,2.32,10,30,1578,  ,  ,2,3.141592654,1,0,EMD ,Valeport ,8186,7.73,9176,9,3326.918172,f ,0,41,45,9.7,  ,  ,  ,9.71,34.85,  ,34.84,32F2 , ,d
EH ,DRS ,NL,1340,DRS ,  ,64T2 ,MRN2 ,  ,1600,WovFab ,500,10057759,2022NL5400156 ,  ,20225400156,21,4,2022,14,26,51.443,2.42683,13,30,1219,  ,  ,2,3.141592654,1,0,EMD ,Valeport ,10501,7.73,12108,9,4267.770305,f ,0,29,36,10.26,  ,  ,  ,10.18,34.54,  ,34.53,31F2 , ,d
EH ,DRS ,NL,1340,DRS ,  ,64T2 ,MRN2 ,  ,1600,WovFab ,500,10057760,2022NL5400157 ,  ,20225400157,21,4,2022,15,32,51.36483,2.63883,11,12,1460,  ,  ,2,3.141592654,1,0,EMD ,Valeport ,8006,7.73,9152,9,3253.763362,f ,0,27,31,10.43,  ,  ,  ,10.37,33.4,  ,33.57,31F2 , ,d
EH ,DRS ,NL,1340,DRS ,  ,64T2 ,MRN2 ,  ,1600,WovFab ,500,10057761,2022NL5400158 ,  ,20225400158,21,4,2022,17,35,51.635,3.2475,11,30,1467,  ,  ,2,3.141592654,1,0,EMD ,Valeport ,7231,7.73,8311,9,2938.791265,f ,0,23,31,9.91,  ,  ,  ,9.9,32.73,  ,32.73,32F3 , ,d
EH ,DRS ,NL,1340,DRS ,  ,64T2 ,MRN2 ,  ,1600,WovFab ,500,10057762,2022NL5400159 ,  ,20225400159,21,4,2022,18,52,51.81117,3.57583,15,30,1643,  ,  ,2,3.141592654,1,0,EMD ,Valeport ,9714,7.73,11278,9,3947.921221,f ,0,22,28,9.76,  ,  ,  ,9.76,32.66,  ,32.68,32F3 , ,d
EH ,DRS ,NL,1340,DRS ,  ,64T2 ,MRN2 ,  ,1600,WovFab ,500,10057763,2022NL5400162 ,  ,20225400162,25,4,2022,18,13,52.74517,4.24867,11,24,874,  ,  ,2,3.141592654,1,0,EMD ,Valeport ,8587,7.73,10255,9,3489.890831,f ,0,17,25,9.88,  ,  ,  ,9.88,34.01,  ,34.02,34F4 , ,d
EH ,DRS ,NL,1340,DRS ,  ,64T2 ,MRN2 ,  ,1600,WovFab ,500,10057764,2022NL5400163 ,  ,20225400163,25,4,2022,20,11,53.084,4.39783,11,42,687,  ,  ,2,3.141592654,1,0,EMD ,Valeport ,8124,7.73,9367,9,3301.720404,f ,0,23,28,10.01,  ,  ,  ,9.32,32.58,  ,34.1,35F4 , ,d
EH ,DRS ,NL,1340,DRS ,  ,64T2 ,MRN2 ,  ,1600,WovFab ,500,10057765,2022NL5400164 ,  ,20225400164,25,4,2022,21,42,53.31667,4.61833,10,42,777,  ,  ,2,3.141592654,1,0,EMD ,Valeport ,7873,7.73,9007,9,3199.710086,f ,0,20,26,9.59,  ,  ,  ,9.6,33.2,  ,33.21,35F4 , ,n
EH ,DRS ,NL,1340,DRS ,  ,64T2 ,MRN2 ,  ,1600,WovFab ,500,10057766,2022NL5400165 ,  ,20225400165,25,4,2022,23,34,53.6715,4.862,10,54,791,  ,  ,2,3.141592654,1,0,EMD ,Valeport ,7453,7.73,8353,9,3029.01553,f ,0,26,33,9.06,  ,  ,  ,8.18,33.56,  ,33.97,36F4 , ,n
EH ,DRS ,NL,1340,DRS ,  ,64T2 ,MRN2 ,  ,1600,WovFab ,500,10057767,2022NL5400166 ,  ,20225400166,26,4,2022,0,51,53.752,5.23567,11,12,1038,  ,  ,2,3.141592654,1,0,EMD ,Valeport ,7749,7.73,8767,9,3149.314551,f ,0,26,34,9.26,  ,  ,  ,8.64,32.94,  ,33.51,36F5 , ,n
EH ,DRS ,NL,1340,DRS ,  ,64T2 ,MRN2 ,  ,1600,WovFab ,500,10057768,2022NL5400167 ,  ,20225400167,26,4,2022,2,19,53.75633,5.732,10,30,1182,  ,  ,2,3.141592654,1,0,EMD ,Valeport ,8024,7.73,9103,9,3261.078843,f ,0,26,30,8.92,  ,  ,  ,8.8,33.02,  ,33.15,36F5 , ,n
EH ,DRS ,NL,1340,DRS ,  ,64T2 ,MRN2 ,  ,1600,WovFab ,500,10057769,2022NL5400168 ,  ,20225400168,26,4,2022,3,58,53.75017,6.25367,11,36,1366,  ,  ,2,3.141592654,1,0,EMD ,Valeport ,8746,7.73,9956,9,3554.510912,f ,0,20,27,8.74,  ,  ,  ,8.76,32.76,  ,32.77,36F6 , ,n
EH ,DRS ,NL,1340,DRS ,  ,64T2 ,MRN2 ,  ,1600,WovFab ,500,10057770,2022NL5400169 ,  ,20225400169,26,4,2022,5,17,53.82,6.7085,10,54,1114,  ,  ,2,3.141592654,1,0,EMD ,Valeport ,6954,7.73,7909,9,2826.214142,f ,0,18,23,8.7,  ,  ,  ,8.7,32.42,  ,32.42,36F6 , ,n
EH ,DRS ,NL,1340,DRS ,  ,64T2 ,MRN2 ,  ,1600,WovFab ,500,10057771,2022NL5400170 ,  ,20225400170,26,4,2022,6,44,53.88617,7.22033,10,54,1200,  ,  ,2,3.141592654,1,0,EMD ,Valeport ,8454,7.73,9543,9,3435.837555,f ,0,18,26,8.37,  ,  ,  ,8.37,32.78,  ,32.79,36F7 , ,d
EH ,DRS ,NL,1340,DRS ,  ,64T2 ,MRN2 ,  ,1600,WovFab ,500,10057772,2022NL5400171 ,  ,20225400171,26,4,2022,9,29,54.2495,7.62,16,0,1908,  ,  ,2,3.141592654,1,0,EMD ,Valeport ,13449,7.73,15387,9,5465.883519,f ,0,34,42,8.71,  ,  ,  ,7.62,30.66,  ,33.75,37F7 , ,d
EH ,DRS ,NL,1340,DRS ,  ,64T2 ,MRN2 ,  ,1600,WovFab ,500,10057773,2022NL5400172 ,  ,20225400172,26,4,2022,11,42,54.725,7.52767,14,54,1616,  ,  ,2,3.141592654,1,0,EMD ,Valeport ,11849,7.73,13607,9,4815.618546,f ,0,18,25,8.36,  ,  ,  ,8.09,31.24,  ,31.46,38F7 , ,d
EH ,DRS ,NL,1340,DRS ,  ,64T2 ,MRN2 ,  ,1600,WovFab ,500,10057774,2022NL5400173 ,  ,20225400173,26,4,2022,14,6,55.22867,7.64567,14,0,1475,  ,  ,2,3.141592654,1,0,EMD ,Valeport ,11831,7.73,13716,9,4808.303065,f ,0,17,24,8.91,  ,  ,  ,8.05,31.56,  ,31.91,39F7 , ,d
EH ,DRS ,NL,1340,DRS ,  ,64T2 ,MRN2 ,  ,1600,WovFab ,500,10057775,2022NL5400174 ,  ,20225400174,26,4,2022,14,17,55.6625,7.432,11,54,1156,  ,  ,2,3.141592654,1,0,EMD ,Valeport ,9117,7.73,10625,9,3705.291103,f ,0,12,19,8.6,  ,  ,  ,8.54,31.89,  ,31.9,40F7 , ,d
EH ,DRS ,NL,1340,DRS ,  ,64T2 ,MRN2 ,  ,1600,WovFab ,500,10057776,2022NL5400175 ,  ,20225400175,26,4,2022,17,7,55.75433,7.26317,11,18,1107,  ,  ,2,3.141592654,1,0,EMD ,Valeport ,9117,7.73,10579,9,3705.291103,f ,0,21,28,8.25,  ,  ,  ,6.53,32.05,  ,32.86,40F7 , ,d
EH ,DRS ,NL,1340,DRS ,  ,64T2 ,MRN2 ,  ,1600,WovFab ,500,10057777,2022NL5400176 ,  ,20225400176,26,4,2022,19,10,56.14483,7.6285,10,36,1080,  ,  ,2,3.141592654,1,0,EMD ,Valeport ,8503,7.73,9670,9,3455.751919,f ,0,23,31,8.55,  ,  ,  ,6.28,32.06,  ,33.87,41F7 , ,d
EH ,DRS ,NL,1340,DRS ,  ,64T2 ,MRN2 ,  ,1600,WovFab ,500,10057778,2022NL5400177 ,  ,20225400177,26,4,2022,20,26,56.25133,7.2745,11,42,1056,  ,  ,2,3.141592654,1,0,EMD ,Valeport ,8897,7.73,10021,9,3615.879669,f ,0,25,32,8.9,  ,  ,  ,6.39,33.14,  ,33.98,41F7 , ,d
EH ,DRS ,NL,1340,DRS ,  ,64T2 ,MRN2 ,  ,1600,WovFab ,500,10057779,2022NL5400178 ,  ,20225400178,26,4,2022,21,50,56.25,6.782,14,48,1243,  ,  ,2,3.141592654,1,0,EMD ,Valeport ,10434,7.73,11757,9,4240.54046,f ,0,34,41,8.82,  ,  ,  ,6.43,33.6,  ,34.3,41F6 , ,n
EH ,DRS ,NL,1340,DRS ,  ,64T2 ,MRN2 ,  ,1600,WovFab ,500,10057780,2022NL5400179 ,  ,20225400179,26,4,2022,23,9,56.17767,6.37033,12,12,1098,  ,  ,2,3.141592654,1,0,EMD ,Valeport ,8899,7.73,9932,9,3616.6925,f ,0,38,45,8.68,  ,  ,  ,6.62,33.94,  ,34.45,41F6 , ,n
EH ,DRS ,NL,1340,DRS ,  ,64T2 ,MRN2 ,  ,1600,WovFab ,500,10057781,2022NL5400180 ,  ,20225400180,27,4,2022,1,28,55.75417,6.735,14,12,1187,  ,  ,2,3.141592654,1,0,EMD ,Valeport ,10766,7.73,11936,9,4375.470442,f ,0,30,38,8.71,  ,  ,  ,6.45,32.63,  ,33.76,40F6 , ,n
EH ,DRS ,NL,1340,DRS ,  ,64T2 ,MRN2 ,  ,1600,WovFab ,500,10057782,2022NL5400181 ,  ,20225400181,27,4,2022,2,53,55.75183,6.27783,10,48,935,  ,  ,2,3.141592654,1,0,EMD ,Valeport ,7598,7.73,8497,9,3087.945794,f ,0,40,46,8.73,  ,  ,  ,6.64,33.23,  ,34.43,40F6 , ,n
EH ,DRS ,NL,1340,DRS ,  ,64T2 ,MRN2 ,  ,1600,WovFab ,500,10057783,2022NL5400182 ,  ,20225400182,27,4,2022,4,17,55.7025,5.78917,10,30,756,  ,  ,2,3.141592654,1,0,EMD ,Valeport ,6854,7.73,7646,9,2785.572581,f ,0,45,51,8.73,  ,  ,  ,6.73,33.35,  ,34.64,40F5 , ,n
EH ,DRS ,NL,1340,DRS ,  ,64T2 ,MRN2 ,  ,1600,WovFab ,500,10057784,2022NL5400183 ,  ,20225400183,27,4,2022,5,45,55.573,5.33033,11,24,983,  ,  ,2,3.141592654,1,0,EMD ,Valeport ,8185,7.73,9153,9,3326.511756,f ,0,43,50,8.28,  ,  ,  ,6.85,34.67,  ,34.67,40F5 , ,n
EH ,DRS ,NL,1340,DRS ,  ,64T2 ,MRN2 ,  ,1600,WovFab ,500,10057785,2022NL5400184 ,  ,20225400184,27,4,2022,7,20,55.33367,4.94133,16,30,1557,  ,  ,2,3.141592654,1,0,EMD ,Valeport ,11841,7.73,13146,9,4812.367221,f ,0,40,48,8.35,  ,  ,  ,6.95,34.59,  ,34.65,39F4 , ,d
EH ,DRS ,NL,1340,DRS ,  ,64T2 ,MRN2 ,  ,1600,WovFab ,500,10057786,2022NL5400185 ,  ,20225400185,27,4,2022,8,24,55.25233,5.23883,13,48,1257,  ,  ,2,3.141592654,1,0,EMD ,Valeport ,9957,7.73,11203,9,4046.680214,f ,0,34,41,8.4,  ,  ,  ,7.09,34.59,  ,34.57,39F5 , ,d
EH ,DRS ,NL,1340,DRS ,  ,64T2 ,MRN2 ,  ,1600,WovFab ,500,10057787,2022NL5400186 ,  ,20225400186,27,4,2022,9,51,55.25083,5.736,10,24,935,  ,  ,2,3.141592654,1,0,EMD ,Valeport ,7963,7.73,8950,9,3236.287491,f ,0,40,46,8.51,  ,  ,  ,6.83,34.66,  ,34.64,39F5 , ,d
EH ,DRS ,NL,1340,DRS ,  ,64T2 ,MRN2 ,  ,1600,WovFab ,500,10057788,2022NL5400187 ,  ,20225400187,27,4,2022,11,19,55.249,6.25017,12,0,989,  ,  ,2,3.141592654,1,0,EMD ,Valeport ,8868,7.73,9897,9,3604.093617,f ,0,42,49,9.18,  ,  ,  ,6.84,33.36,  ,34.58,39F6 , ,d
EH ,DRS ,NL,1340,DRS ,  ,64T2 ,MRN2 ,  ,1600,WovFab ,500,10057789,2022NL5400188 ,  ,20225400188,27,4,2022,12,36,55.24883,6.697,13,36,1088,  ,  ,2,3.141592654,1,0,EMD ,Valeport ,9832,7.73,10892,9,3995.878263,f ,0,35,42,9.3,  ,  ,  ,6.72,32.46,  ,34.25,39F6 , ,d
EH ,DRS ,NL,1340,DRS ,  ,64T2 ,MRN2 ,  ,1600,WovFab ,500,10057790,2022NL5400189 ,  ,20225400189,27,4,2022,14,17,55.06717,7.063,13,18,1205,  ,  ,2,3.141592654,1,0,EMD ,Valeport ,10224,7.73,11525,9,4155.193182,f ,0,29,35,8.04,  ,  ,  ,6.81,32.14,  ,33.66,39F7 , ,d
EH ,DRS ,NL,1340,DRS ,  ,64T2 ,MRN2 ,  ,1600,WovFab ,500,10057791,2022NL5400190 ,  ,20225400190,27,4,2022,15,50,54.74733,7.11283,12,6,1175,  ,  ,2,3.141592654,1,0,EMD ,Valeport ,8834,7.73,9808,9,3590.275486,f ,0,23,31,9.06,  ,  ,  ,7.37,31.65,  ,33.16,38F7 , ,d
EH ,DRS ,NL,1340,DRS ,  ,64T2 ,MRN2 ,  ,1600,WovFab ,500,10057792,2022NL5400191 ,  ,20225400191,27,4,2022,18,3,54.32967,7.14767,14,18,693,  ,  ,2,3.141592654,1,0,EMD ,Valeport ,9186,7.73,10136,9,3733.33378,f ,0,35,41,8.5,  ,  ,  ,7.24,32.54,  ,33.86,37F7 , ,d
EH ,DRS ,NL,1340,DRS ,  ,64T2 ,MRN2 ,  ,1600,WovFab ,500,10057793,2022NL5400192 ,  ,20225400192,27,4,2022,19,9,54.34017,6.8445,11,42,794,  ,  ,2,3.141592654,1,0,EMD ,Valeport ,7491,7.73,8408,9,3044.459324,f ,0,32,39,8.3,  ,  ,  ,7.61,33.8,  ,34.19,37F6 , ,d
EH ,DRS ,NL,1340,DRS ,  ,64T2 ,MRN2 ,  ,1600,WovFab ,500,10057794,2022NL5400193 ,  ,20225400193,27,4,2022,20,51,54.65517,6.65233,11,18,960,  ,  ,2,3.141592654,1,0,EMD ,Valeport ,7929,7.73,8792,9,3222.46936,f ,0,33,40,9.24,  ,  ,  ,7.16,33.59,  ,34.28,38F6 , ,n
EH ,DRS ,NL,1340,DRS ,  ,64T2 ,MRN2 ,  ,1600,WovFab ,500,10057795,2022NL5400194 ,  ,20225400194,27,4,2022,21,51,54.655,6.33,13,42,1285,  ,  ,2,3.141592654,1,0,EMD ,Valeport ,10253,7.73,11360,9,4166.979234,f ,0,33,41,8.57,  ,  ,  ,7.51,34.24,  ,34.39,38F6 , ,n
EH ,DRS ,NL,1340,DRS ,  ,64T2 ,MRN2 ,  ,1600,WovFab ,500,10057796,2022NL5400195 ,  ,20225400195,27,4,2022,23,49,54.2785,6.09783,13,18,1448,  ,  ,2,3.141592654,1,0,EMD ,Valeport ,9593,7.73,10622,9,3898.744933,f ,0,32,40,8.84,  ,  ,  ,7.84,34.14,  ,34.23,37F6 , ,n
EH ,DRS ,NL,1340,DRS ,  ,64T2 ,MRN2 ,  ,1600,WovFab ,500,10057797,2022NL5400196 ,  ,20225400196,28,4,2022,1,3,54.269,5.67567,12,18,1319,  ,  ,2,3.141592654,1,0,EMD ,Valeport ,8474,7.73,9407,9,3443.965867,f ,0,32,40,8.58,  ,  ,  ,7.59,34.1,  ,34.29,37F5 , ,n
EH ,DRS ,NL,1340,DRS ,  ,64T2 ,MRN2 ,  ,1600,WovFab ,500,10057798,2022NL5400197 ,  ,20225400197,28,4,2022,2,51,54.61883,5.61933,17,54,1719,  ,  ,2,3.141592654,1,0,EMD ,Valeport ,12877,7.73,14489,9,5233.413791,f ,0,37,43,8.48,  ,  ,  ,7.57,34.37,  ,34.47,38F5 , ,n
EH ,DRS ,NL,1340,DRS ,  ,64T2 ,MRN2 ,  ,1600,WovFab ,500,10057799,2022NL5400198 ,  ,20225400198,28,4,2022,3,57,54.6115,5.3155,10,48,908,  ,  ,2,3.141592654,1,0,EMD ,Valeport ,7589,7.73,8457,9,3084.288053,f ,0,39,45,8.33,  ,  ,  ,7.4,34.4,  ,34.46,38F5 , ,n
EH ,DRS ,NL,1340,DRS ,  ,64T2 ,MRN2 ,  ,1600,WovFab ,500,10057800,2022NL5400199 ,  ,20225400199,28,4,2022,5,24,54.334,5.151,11,12,800,  ,  ,2,3.141592654,1,0,EMD ,Valeport ,7890,7.73,8841,9,3206.619151,f ,0,40,45,8.81,  ,  ,  ,7.43,34.19,  ,34.4,37F5 , ,n
EH ,DRS ,NL,1340,DRS ,  ,64T2 ,MRN2 ,  ,1600,WovFab ,500,10057801,2022NL5400200 ,  ,20225400200,28,4,2022,6,23,54.34367,4.84783,12,48,946,  ,  ,2,3.141592654,1,0,EMD ,Valeport ,8676,7.73,9813,9,3526.06182,f ,0,39,46,9.05,  ,  ,  ,7.32,34.3,  ,34.44,37F4 , ,d
EH ,DRS ,NL,1340,DRS ,  ,64T2 ,MRN2 ,  ,1600,WovFab ,500,10057802,2022NL5400201 ,  ,20225400201,28,4,2022,8,5,54.64983,4.64083,10,54,895,  ,  ,2,3.141592654,1,0,EMD ,Valeport ,7580,7.73,8426,9,3080.630313,f ,0,41,46,8.56,  ,  ,  ,7.19,34.43,  ,34.39,38F4 , ,d
EH ,DRS ,NL,1340,DRS ,  ,64T2 ,MRN2 ,  ,1600,WovFab ,500,10057803,2022NL5400202 ,  ,20225400202,28,4,2022,9,7,54.64983,4.31267,12,6,1105,  ,  ,2,3.141592654,1,0,EMD ,Valeport ,8547,7.73,9585,9,3473.634206,f ,0,42,47,8.81,  ,  ,  ,7.19,34.45,  ,34.47,38F4 , ,d
EH ,DRS ,NL,1340,DRS ,  ,64T2 ,MRN2 ,  ,1600,WovFab ,500,10057804,2022NL5400203 ,  ,20225400203,28,4,2022,10,42,54.33617,4.13567,11,42,1165,  ,  ,2,3.141592654,1,0,EMD ,Valeport ,7862,7.73,8897,9,3195.239514,f ,0,42,47,8.97,  ,  ,  ,7.37,34.37,  ,34.44,37F4 , ,d
EH ,DRS ,NL,1340,DRS ,  ,64T2 ,MRN2 ,  ,1600,WovFab ,500,10057805,2022NL5400204 ,  ,20225400204,28,4,2022,11,53,54.24733,3.741,11,30,1198,  ,  ,2,3.141592654,1,0,EMD ,Valeport ,7788,7.73,8749,9,3165.164759,f ,0,35,44,8.88,  ,  ,  ,7.68,34.44,  ,34.45,37F3 , ,d
EH ,DRS ,NL,1340,DRS ,  ,64T2 ,MRN2 ,  ,1600,WovFab ,500,10057806,2022NL5400205 ,  ,20225400205,28,4,2022,13,5,54.15983,3.32867,14,54,1566,  ,  ,2,3.141592654,1,0,EMD ,Valeport ,11101,7.73,12496,9,4511.61967,f ,0,33,41,8.65,  ,  ,  ,8.34,34.46,  ,34.47,37F3 , ,d
EH ,DRS ,NL,1340,DRS ,  ,64T2 ,MRN2 ,  ,1600,WovFab ,500,10057807,2022NL5400206 ,  ,20225400206,28,4,2022,14,36,53.8865,3.3325,10,12,785,  ,  ,2,3.141592654,1,0,EMD ,Valeport ,6912,7.73,7551,9,2809.144686,f ,0,37,45,8.68,  ,  ,  ,8.61,34.46,  ,34.46,36F3 , ,d
EH ,DRS ,NL,1340,DRS ,  ,64T2 ,MRN2 ,  ,1600,WovFab ,500,10057808,2022NL5400207 ,  ,20225400207,28,4,2022,16,6,53.74233,3.80983,14,42,1567,  ,  ,2,3.141592654,1,0,EMD ,Valeport ,10444,7.73,12638,9,4244.604616,f ,0,34,40,8.84,  ,  ,  ,8.76,34.45,  ,34.54,36F3 , ,d
EH ,DRS ,NL,1340,DRS ,  ,64T2 ,MRN2 ,  ,1600,WovFab ,500,10057809,2022NL5400208 ,  ,20225400208,28,4,2022,17,14,53.6145,4.06583,11,54,919,  ,  ,2,3.141592654,1,0,EMD ,Valeport ,7981,7.73,9284,9,3243.602972,f ,0,32,39,9.63,  ,  ,  ,9.02,34.16,  ,34.62,36F4 , ,d
EH ,DRS ,NL,1340,DRS ,  ,64T2 ,MRN2 ,  ,1600,WovFab ,500,10057810,2022NL5400209 ,  ,20225400209,28,4,2022,18,46,53.333,3.82517,12,30,1114,  ,  ,2,3.141592654,1,0,EMD ,Valeport ,8435,7.73,9713,9,3428.115658,f ,0,21,28,10.04,  ,  ,  ,9.75,33.92,  ,34.5,35F3 , ,d
EH ,DRS ,NL,1340,DRS ,  ,64T2 ,MRN2 ,  ,1600,WovFab ,500,10057811,2022NL5400210 ,  ,20225400210,28,4,2022,20,26,53.2505,3.24383,13,18,1397,  ,  ,2,3.141592654,1,0,EMD ,Valeport ,8908,7.73,10230,9,3620.350241,f ,0,19,27,9.32,  ,  ,  ,9.33,34.39,  ,34.41,35F3 , ,d
EH ,DRS ,NL,1340,DRS ,  ,64T2 ,MRN2 ,  ,1600,WovFab ,500,10057812,2022NL5400211 ,  ,20225400211,28,4,2022,21,32,53.1595,2.9165,13,24,1408,  ,  ,2,3.141592654,1,0,EMD ,Valeport ,9749,7.73,11172,9,3962.145768,f ,0,27,34,9.23,  ,  ,  ,9.24,34.43,  ,34.45,35F2 , ,n
EH ,DRS ,NL,1340,DRS ,  ,64T2 ,MRN2 ,  ,1600,WovFab ,500,10057813,2022NL5400212 ,  ,20225400212,28,4,2022,23,5,52.84033,2.92217,15,0,1256,  ,  ,2,3.141592654,1,0,EMD ,Valeport ,11774,7.73,13548,9,4785.137375,f ,0,32,37,9.35,  ,  ,  ,9.37,34.69,  ,34.7,34F2 , ,n
EH ,DRS ,NL,1340,DRS ,  ,64T2 ,MRN2 ,  ,1600,WovFab ,500,10057814,2022NL5400213 ,  ,20225400213,29,4,2022,0,24,52.75617,3.261,11,48,949,  ,  ,2,3.141592654,1,0,EMD ,Valeport ,8376,7.73,9209,9,3404.137137,f ,0,23,33,9.77,  ,  ,  ,9.81,34.86,  ,34.89,34F3 , ,n
EH ,DRS ,NL,1340,DRS ,  ,64T2 ,MRN2 ,  ,1600,WovFab ,500,10057815,2022NL5400214 ,  ,20225400214,29,4,2022,1,40,52.67067,3.64617,11,30,1040,  ,  ,2,3.141592654,1,0,EMD ,Valeport ,8419,7.73,9310,9,3421.613008,f ,0,24,30,9.86,  ,  ,  ,9.87,34.81,  ,34.81,34F3 , ,n
EH ,DRS ,NL,1340,DRS ,  ,64T2 ,MRN2 ,  ,1600,WovFab ,500,10057758,2022NL5400215 ,  ,20225400215,29,4,2022,4,42,52.254,4.25183,10,54,961,  ,  ,2,3.141592654,1,  ,EMD ,Valeport ,  ,7.73,  ,9,3165.9734,d ,0,12,19,10.2,  ,  ,  ,10.21,31.18,  ,31.29,33F4 , ,n
EH ,DRS ,NL,1340,DRS ,  ,64T2 ,MRN2 ,  ,1600,WovFab ,500,10093670,2023NL5400055 ,  ,20235400055,24,4,2023,17,36,51.82117,3.665,10,36,456,  ,  ,2,3.141592654,1,1,EMD ,Valeport ,7442,9.42,9321,10.68,2481.924897,f ,0,19,23,9.94,  ,  ,  ,9.89,31.55,  ,31.76,32F3 , ,d
EH ,DRS ,NL,1340,DRS ,  ,64T2 ,MRN2 ,  ,1600,WovFab ,500,10093671,2023NL5400056 ,  ,20235400056,24,4,2023,19,19,51.62967,3.226,14,24,1277,  ,  ,2,3.141592654,1,1,EMD ,Valeport ,10289,9.42,12659,10.68,3431.406244,f ,0,24,30,10.12,  ,  ,  ,10.14,33.08,  ,33.11,32F3 , ,d
EH ,DRS ,NL,1340,DRS ,  ,64T2 ,MRN2 ,  ,1600,WovFab ,500,10093672,2023NL5400057 ,  ,20235400057,24,4,2023,21,40,51.34133,2.63483,10,54,1552,  ,  ,2,3.141592654,1,0,EMD ,Valeport ,9748,9.42,11592,10.68,3250.981443,f ,0,18,23,10.38,  ,  ,  ,10.41,33.33,  ,33.44,31F2 , ,n
EH ,DRS ,NL,1340,DRS ,  ,64T2 ,MRN2 ,  ,1600,WovFab ,500,10093673,2023NL5400058 ,  ,20235400058,24,4,2023,22,52,51.406,2.3125,13,30,427,  ,  ,2,3.141592654,1,1,EMD ,Valeport ,9504,9.42,11533,10.68,3169.606856,f ,0,30,37,10.08,  ,  ,  ,10.08,34.92,  ,34.97,31F2 , ,n
EH ,DRS ,NL,1340,DRS ,  ,64T2 ,MRN2 ,  ,1600,WovFab ,500,10093818,2023NL5400059 ,  ,20235400059,25,4,2023,1,27,51.7635,2.32217,14,54,1092,  ,  ,2,3.141592654,1,1,EMD ,Valeport ,12396,9.42,14907,10.68,4134.095811,f ,0,38,45,9.93,  ,  ,  ,9.94,34.98,  ,34.99,32F2 , ,n
EH ,DRS ,NL,1340,DRS ,  ,64T2 ,MRN2 ,  ,1600,WovFab ,500,10093817,2023NL5400060 ,  ,20235400060,25,4,2023,2,58,51.841,2.665,10,36,1309,  ,  ,2,3.141592654,1,0,EMD ,Valeport ,9693,9.42,11408,10.68,3232.638811,f ,0,38,43,9.9,  ,  ,  ,9.91,35,  ,35,32F2 , ,n
EH ,DRS ,NL,1340,DRS ,  ,64T2 ,MRN2 ,  ,1600,WovFab ,500,10093816,2023NL5400061 ,  ,20235400061,25,4,2023,4,46,52.16417,2.37967,11,42,1559,  ,  ,2,3.141592654,1,0,EMD ,Valeport ,10466,9.42,12312,10.68,3490.43617,f ,0,46,55,9.71,  ,  ,  ,9.72,34.85,  ,34.87,33F2 , ,n
EH ,DRS ,NL,1340,DRS ,  ,64T2 ,MRN2 ,  ,1600,WovFab ,500,10093677,2023NL5400062 ,  ,20235400062,25,4,2023,6,9,52.2595,2.76467,10,12,1281,  ,  ,2,3.141592654,1,0,EMD ,Valeport ,8952,9.42,10397,10.68,2985.513529,f ,0,44,50,9.71,  ,  ,  ,9.72,34.95,  ,34.96,33F2 , ,n
EH ,DRS ,NL,1340,DRS ,  ,64T2 ,MRN2 ,  ,1600,WovFab ,500,10093678,2023NL5400063 ,  ,20235400063,25,4,2023,7,40,52.2575,3.26233,13,0,1394,  ,  ,2,3.141592654,1,0,EMD ,Valeport ,11818,9.42,13892,10.68,3941.331421,f ,0,28,35,9.53,  ,  ,  ,9.53,34.62,  ,34.64,33F3 , ,d
EH ,DRS ,NL,1340,DRS ,  ,64T2 ,MRN2 ,  ,1600,WovFab ,500,10093679,2023NL5400064 ,  ,20235400064,25,4,2023,9,2,52.33683,3.66417,11,12,992,  ,  ,2,3.141592654,1,1,EMD ,Valeport ,9309,9.42,11189,10.68,3104.573887,f ,0,24,29,9.39,  ,  ,  ,9.38,34.39,  ,34.42,33F3 , ,d
EH ,DRS ,NL,1340,DRS ,  ,64T2 ,MRN2 ,  ,1600,WovFab ,500,10093680,2023NL5400065 ,  ,20235400065,25,4,2023,10,54,52.66133,3.682,14,6,1103,  ,  ,2,3.141592654,1,  ,EMD ,Valeport ,10791,9.42,  ,10.68,3598.824451,f ,0,24,31,9.36,  ,  ,  ,9.31,34.65,  ,34.67,34F3 , ,d
EH ,DRS ,NL,1340,DRS ,  ,64T2 ,MRN2 ,  ,1600,WovFab ,500,10093681,2023NL5400066 ,  ,20235400066,25,4,2023,14,32,53.33633,3.8325,13,6,1114,  ,  ,2,3.141592654,1,0,EMD ,Valeport ,12088,9.42,14237,10.68,4031.37707,f ,0,22,27,9.28,  ,  ,  ,9.26,34.9,  ,34.91,35F3 , ,d
EH ,DRS ,NL,1340,DRS ,  ,64T2 ,MRN2 ,  ,1600,WovFab ,500,10093682,2023NL5400067 ,  ,20235400067,25,4,2023,16,37,53.67367,4.14617,12,30,1300,  ,  ,2,3.141592654,1,1,EMD ,Valeport ,9841,9.42,11994,10.68,3281.997167,f ,0,33,40,8.71,  ,  ,  ,9.09,34.41,  ,34.71,36F4 , ,d
EH ,DRS ,NL,1340,DRS ,  ,64T2 ,MRN2 ,  ,1600,WovFab ,500,10093683,2023NL5400068 ,  ,20235400068,25,4,2023,20,5,54.33683,4.176,11,30,1168,  ,  ,2,3.141592654,1,0,EMD ,Valeport ,9929,9.42,11696,10.68,3311.345378,f ,0,44,51,7.94,  ,  ,  ,7.92,34.43,  ,34.46,37F4 , ,d
EH ,DRS ,NL,1340,DRS ,  ,64T2 ,MRN2 ,  ,1600,WovFab ,500,10093684,2023NL5400069 ,  ,20235400069,25,4,2023,21,57,54.67833,4.35333,11,24,1178,  ,  ,2,3.141592654,1,0,EMD ,Valeport ,9600,9.42,11360,10.68,3201.623087,f ,0,44,50,7.88,  ,  ,  ,7.49,34.39,  ,34.44,38F4 , ,n
EH ,DRS ,NL,1340,DRS ,  ,64T2 ,MRN2 ,  ,1600,WovFab ,500,10093685,2023NL5400070 ,  ,20235400070,25,4,2023,22,57,54.67567,4.67533,11,0,1116,  ,  ,2,3.141592654,1,1,EMD ,Valeport ,9061,9.42,10940,10.68,3021.865291,f ,0,42,50,7.7,  ,  ,  ,7.72,34.42,  ,34.43,38F4 , ,n
EH ,DRS ,NL,1340,DRS ,  ,64T2 ,MRN2 ,  ,1600,WovFab ,500,10093815,2023NL5400071 ,  ,20235400071,26,4,2023,0,41,54.33983,4.852,17,18,1729,  ,  ,2,3.141592654,1,0,EMD ,Valeport ,15033,9.42,17935,10.68,5013.541653,f ,0,39,46,8.06,  ,  ,  ,8.08,34.36,  ,34.37,37F4 , ,n
EH ,DRS ,NL,1340,DRS ,  ,64T2 ,MRN2 ,  ,1600,WovFab ,500,10093687,2023NL5400072 ,  ,20235400072,26,4,2023,1,49,54.34667,5.1825,17,6,1497,  ,  ,2,3.141592654,1,1,EMD ,Valeport ,14159,9.42,17083,10.68,4722.060551,f ,0,39,46,8,  ,  ,  ,8.01,34.39,  ,34.4,37F5 , ,n
EH ,DRS ,NL,1340,DRS ,  ,64T2 ,MRN2 ,  ,1600,WovFab ,500,10093688,2023NL5400073 ,  ,20235400073,26,4,2023,3,38,54.6595,5.32667,10,42,977,  ,  ,2,3.141592654,1,0,EMD ,Valeport ,9247,9.42,10887,10.68,3083.896738,f ,0,38,44,8.39,  ,  ,  ,8.03,34.32,  ,34.51,38F5 , ,n
EH ,DRS ,NL,1340,DRS ,  ,64T2 ,MRN2 ,  ,1600,WovFab ,500,10093689,2023NL5400074 ,  ,20235400074,26,4,2023,4,42,54.65167,5.63517,11,6,1203,  ,  ,2,3.141592654,1,1,EMD ,Valeport ,9389,9.42,11390,10.68,3131.254079,f ,0,37,44,8.09,  ,  ,  ,7.93,34.37,  ,34.48,38F5 , ,n
EH ,DRS ,NL,1340,DRS ,  ,64T2 ,MRN2 ,  ,1600,WovFab ,500,10093690,2023NL5400075 ,  ,20235400075,26,4,2023,6,19,54.31483,5.68583,15,6,1511,  ,  ,2,3.141592654,1,1,EMD ,Valeport ,11921,9.42,14447,10.68,3975.682169,f ,0,34,40,8.3,  ,  ,  ,8.15,34.17,  ,34.37,37F5 , ,d
EH ,DRS ,NL,1340,DRS ,  ,64T2 ,MRN2 ,  ,1600,WovFab ,500,10093814,2023NL5400076 ,  ,20235400076,26,4,2023,8,20,54.3485,6.24317,14,54,1328,  ,  ,2,3.141592654,1,1,EMD ,Valeport ,12278,9.42,14874,10.68,4094.742527,f ,0,33,40,8.04,  ,  ,  ,8.01,33.94,  ,33.96,37F6 , ,d
EH ,DRS ,NL,1340,DRS ,  ,64T2 ,MRN2 ,  ,1600,WovFab ,500,10093692,2023NL5400077 ,  ,20235400077,26,4,2023,10,11,54.669,6.3285,13,42,1115,  ,  ,2,3.141592654,1,  ,EMD ,Valeport ,10108,9.42,  ,10.68,3371.042309,f ,0,35,42,8.07,  ,  ,  ,8.02,34.5,  ,34.52,38F6 , ,d
EH ,DRS ,NL,1340,DRS ,  ,64T2 ,MRN2 ,  ,1600,WovFab ,500,10093693,2023NL5400078 ,  ,20235400078,26,4,2023,11,19,54.67767,6.65933,13,42,1070,  ,  ,2,3.141592654,1,1,EMD ,Valeport ,10801,9.42,13163,10.68,3602.159475,f ,0,33,41,8.39,  ,  ,  ,8.19,33.07,  ,34.55,38F6 , ,d
EH ,DRS ,NL,1340,DRS ,  ,64T2 ,MRN2 ,  ,1600,WovFab ,500,10093694,2023NL5400079 ,  ,20235400079,26,4,2023,13,3,54.34667,6.8375,14,12,1388,  ,  ,2,3.141592654,1,0,EMD ,Valeport ,12069,9.42,14365,10.68,4025.040525,f ,0,33,40,8.17,  ,  ,  ,8.08,34.39,  ,34.4,37F6 , ,d
EH ,DRS ,NL,1340,DRS ,  ,64T2 ,MRN2 ,  ,1600,WovFab ,500,10093695,2023NL5400080 ,  ,20235400080,26,4,2023,14,5,54.3495,7.1545,14,54,1371,  ,  ,2,3.141592654,1,1,EMD ,Valeport ,11923,9.42,14544,10.68,3976.349173,f ,0,36,42,8.1,  ,  ,  ,8.06,34.12,  ,34.29,37F7 , ,d
EH ,DRS ,NL,1340,DRS ,  ,64T2 ,MRN2 ,  ,1600,WovFab ,500,10093696,2023NL5400081 ,  ,20235400081,26,4,2023,16,3,54.74667,7.1285,13,42,1455,  ,  ,2,3.141592654,1,1,EMD ,Valeport ,11305,9.42,13602,10.68,3770.244687,f ,0,25,30,8.72,  ,  ,  ,7.98,31.68,  ,34.2,38F7 , ,d
EH ,DRS ,NL,1340,DRS ,  ,64T2 ,MRN2 ,  ,1600,WovFab ,500,10093697,2023NL5400082 ,  ,20235400082,26,4,2023,18,8,55.18317,7.12967,11,12,1182,  ,  ,2,3.141592654,1,1,EMD ,Valeport ,8877,9.42,10873,10.68,2960.500848,f ,0,19,23,8.6,  ,  ,  ,7.61,32.9,  ,34.22,39F7 , ,d
EH ,DRS ,NL,1340,DRS ,  ,64T2 ,MRN2 ,  ,1600,WovFab ,500,10093698,2023NL5400083 ,  ,20235400083,26,4,2023,19,51,55.23667,6.7405,14,48,1220,  ,  ,2,3.141592654,1,1,EMD ,Valeport ,10897,9.42,13409,10.68,3634.175706,f ,0,35,41,8.35,  ,  ,  ,7.86,34.06,  ,34.49,39F6 , ,d
EH ,DRS ,NL,1340,DRS ,  ,64T2 ,MRN2 ,  ,1600,WovFab ,500,10093699,2023NL5400084 ,  ,20235400084,26,4,2023,21,18,55.242,6.26583,10,48,930,  ,  ,2,3.141592654,1,1,EMD ,Valeport ,7686,9.42,9479,10.68,2563.299484,f ,0,41,48,7.83,  ,  ,  ,7.85,34.29,  ,34.5,39F6 , ,n
EH ,DRS ,NL,1340,DRS ,  ,64T2 ,MRN2 ,  ,1600,WovFab ,500,10093700,2023NL5400085 ,  ,20235400085,26,4,2023,22,48,55.24783,5.74917,10,54,820,  ,  ,2,3.141592654,1,1,EMD ,Valeport ,7801,9.42,9742,10.68,2601.652261,f ,0,41,48,7.87,  ,  ,  ,7.21,34.46,  ,34.52,39F5 , ,n
EH ,DRS ,NL,1340,DRS ,  ,64T2 ,MRN2 ,  ,1600,WovFab ,500,10093701,2023NL5400086 ,  ,20235400086,27,4,2023,0,16,55.25183,5.239,16,24,1302,  ,  ,2,3.141592654,1,1,EMD ,Valeport ,13141,9.42,16016,10.68,4382.555103,f ,0,35,42,7.76,  ,  ,  ,7.77,34.4,  ,34.47,39F5 , ,n
EH ,DRS ,NL,1340,DRS ,  ,64T2 ,MRN2 ,  ,1600,WovFab ,500,10093702,2023NL5400087 ,  ,20235400087,27,4,2023,2,3,55.5845,5.24533,10,54,986,  ,  ,2,3.141592654,1,1,EMD ,Valeport ,9151,9.42,10965,10.68,3051.880507,f ,0,41,49,7.8,  ,  ,  ,7.2,34.67,  ,34.88,40F5 , ,n
EH ,DRS ,NL,1340,DRS ,  ,64T2 ,MRN2 ,  ,1600,WovFab ,500,10093703,2023NL5400088 ,  ,20235400088,27,4,2023,3,36,55.74717,5.73083,12,24,1228,  ,  ,2,3.141592654,1,0,EMD ,Valeport ,10712,9.42,12629,10.68,3572.477761,f ,0,45,52,7.73,  ,  ,  ,6.89,34.52,  ,34.67,40F5 , ,n
EH ,DRS ,NL,1340,DRS ,  ,64T2 ,MRN2 ,  ,1600,WovFab ,500,10093704,2023NL5400089 ,  ,20235400089,27,4,2023,5,6,55.751,6.235,10,30,1054,  ,  ,2,3.141592654,1,0,EMD ,Valeport ,8819,9.42,10331,10.68,2941.157709,f ,0,40,47,8.22,  ,  ,  ,7.44,34.04,  ,34.45,40F6 , ,n
EH ,DRS ,NL,1340,DRS ,  ,64T2 ,MRN2 ,  ,1600,WovFab ,500,10093705,2023NL5400090 ,  ,20235400090,27,4,2023,6,35,55.75633,6.76167,15,36,1430,  ,  ,2,3.141592654,1,0,EMD ,Valeport ,13407,9.42,15860,10.68,4471.266742,f ,0,31,37,7.68,  ,  ,  ,7.35,34.13,  ,34.51,40F6 , ,d
EH ,DRS ,NL,1340,DRS ,  ,64T2 ,MRN2 ,  ,1600,WovFab ,500,10093706,2023NL5400091 ,  ,20235400091,27,4,2023,8,5,55.73983,7.27283,10,54,1010,  ,  ,2,3.141592654,1,0,EMD ,Valeport ,9284,9.42,10978,10.68,3096.236327,f ,0,23,29,8.08,  ,  ,  ,7.76,33.12,  ,33.58,40F7 , ,d
EH ,DRS ,NL,1340,DRS ,  ,64T2 ,MRN2 ,  ,1600,WovFab ,500,10093707,2023NL5400092 ,  ,20235400092,27,4,2023,8,48,55.6335,7.36867,12,54,1182,  ,  ,2,3.141592654,1,0,EMD ,Valeport ,11050,9.42,13174,10.68,3685.201574,f ,0,15,22,8.1,  ,  ,  ,7.51,32.68,  ,33.85,40F7 , ,d
EH ,DRS ,NL,1340,DRS ,  ,64T2 ,MRN2 ,  ,1600,WovFab ,500,10093708,2023NL5400093 ,  ,20235400093,27,4,2023,10,52,55.24117,7.74767,12,30,1344,  ,  ,2,3.141592654,1,0,EMD ,Valeport ,10372,9.42,12292,10.68,3459.086943,f ,0,16,22,8.27,  ,  ,  ,7.67,31.92,  ,32.99,39F7 , ,d
EH ,DRS ,NL,1340,DRS ,  ,64T2 ,MRN2 ,  ,1600,WovFab ,500,10093709,2023NL5400094 ,  ,20235400094,27,4,2023,13,12,54.73133,7.55733,11,12,1105,  ,  ,2,3.141592654,1,1,EMD ,Valeport ,8840,9.42,10575,10.68,2948.161259,f ,0,17,24,8.14,  ,  ,  ,7.57,31.14,  ,33.03,38F7 , ,d
EH ,DRS ,NL,1340,DRS ,  ,64T2 ,MRN2 ,  ,1600,WovFab ,500,10093710,2023NL5400095 ,  ,20235400095,27,4,2023,15,26,54.2455,7.6345,18,0,1674,  ,  ,2,3.141592654,1,0,EMD ,Valeport ,15377,9.42,18304,10.68,5128.26648,f ,0,35,42,8.28,  ,  ,  ,8.06,32,  ,33.86,37F7 , ,d
EH ,DRS ,NL,1340,DRS ,  ,64T2 ,MRN2 ,  ,1600,WovFab ,500,10093711,2023NL5400096 ,  ,20235400096,27,4,2023,18,19,53.82717,7.21833,11,42,1372,  ,  ,2,3.141592654,1,1,EMD ,Valeport ,9448,9.42,11402,10.68,3150.930721,f ,0,16,22,8.75,  ,  ,  ,8.73,31.99,  ,32.07,36F7 , ,d
EH ,DRS ,NL,1340,DRS ,  ,64T2 ,MRN2 ,  ,1600,WovFab ,500,10093712,2023NL5400097 ,  ,20235400097,27,4,2023,19,41,53.7575,6.73033,12,30,1497,  ,  ,2,3.141592654,1,1,EMD ,Valeport ,9509,9.42,11654,10.68,3171.274368,f ,0,15,22,9.32,  ,  ,  ,9.22,31.08,  ,31.49,36F6 , ,d
EH ,DRS ,NL,1340,DRS ,  ,64T2 ,MRN2 ,  ,1600,WovFab ,500,10093713,2023NL5400098 ,  ,20235400098,27,4,2023,21,27,53.75583,6.21717,10,42,1047,  ,  ,2,3.141592654,1,1,EMD ,Valeport ,8661,9.42,10404,10.68,2888.464329,f ,0,21,27,8.89,  ,  ,  ,8.82,32.15,  ,32.49,36F6 , ,n
EH ,DRS ,NL,1340,DRS ,  ,64T2 ,MRN2 ,  ,1600,WovFab ,500,10093714,2023NL5400099 ,  ,20235400099,27,4,2023,22,51,53.7515,5.75033,11,6,865,  ,  ,2,3.141592654,1,1,EMD ,Valeport ,8935,9.42,10798,10.68,2979.843988,f ,0,22,29,8.94,  ,  ,  ,8.96,32.99,  ,33.01,36F5 , ,n
EH ,DRS ,NL,1340,DRS ,  ,64T2 ,MRN2 ,  ,1600,WovFab ,500,10093715,2023NL5400100 ,  ,20235400100,28,4,2023,0,18,53.744,5.255,11,12,908,  ,  ,2,3.141592654,1,1,EMD ,Valeport ,9069,9.42,11068,10.68,3024.53331,f ,0,25,32,9.05,  ,  ,  ,8.88,33.54,  ,33.9,36F5 , ,n
EH ,DRS ,NL,1340,DRS ,  ,64T2 ,MRN2 ,  ,1600,WovFab ,500,10093716,2023NL5400101 ,  ,20235400101,28,4,2023,1,43,53.67433,4.84183,11,54,1028,  ,  ,2,3.141592654,1,0,EMD ,Valeport ,9116,9.42,10876,10.68,3040.207923,f ,0,26,33,9.15,  ,  ,  ,9.15,34.33,  ,34.35,36F4 , ,n
EH ,DRS ,NL,1340,DRS ,  ,64T2 ,MRN2 ,  ,1600,WovFab ,500,10093717,2023NL5400102 ,  ,20235400102,28,4,2023,3,35,53.336,4.5625,13,30,1652,  ,  ,2,3.141592654,1,0,EMD ,Valeport ,12272,9.42,14321,10.68,4092.741513,f ,0,22,26,9.23,  ,  ,  ,9.27,33.33,  ,33.63,35F4 , ,n
EH ,DRS ,NL,1340,DRS ,  ,64T2 ,MRN2 ,  ,1600,WovFab ,500,10093718,2023NL5400103 ,  ,20235400103,28,4,2023,4,43,53.15617,4.35183,11,54,1113,  ,  ,2,3.141592654,1,1,EMD ,Valeport ,9554,9.42,11529,10.68,3186.281976,f ,0,25,33,9.2,  ,  ,  ,9.22,34.13,  ,34.14,35F4 , ,n
EH ,DRS ,NL,1340,DRS ,  ,64T2 ,MRN2 ,  ,1600,WovFab ,500,10093719,2023NL5400104 ,  ,20235400104,28,4,2023,6,51,52.7985,4.25117,13,36,1129,  ,  ,2,3.141592654,1,0,EMD ,Valeport ,11860,9.42,14005,10.68,3955.338522,f ,0,21,28,9.39,  ,  ,  ,9.45,33.47,  ,34.17,34F4 , ,d
EH ,DRS ,NL,1340,DRS ,  ,64T2 ,MRN2 ,  ,1600,WovFab ,500,10093720,2023NL5400105 ,  ,20235400105,28,4,2023,10,5,52.23883,4.26033,10,24,709,  ,  ,2,3.141592654,1,1,EMD ,Valeport ,7323,9.42,9065,10.68,2442.238111,f ,0,13,20,9.7,  ,  ,  ,9.66,30.03,  ,30.78,33F4 , ,d
EH ,DRS ,NL,1340,DRS ,  ,64T2 ,MRN2 ,  ,1600,WovFab ,500,10093721,2023NL5400106 ,  ,20235400106,1,5,2023,12,55,52.75733,3.25533,12,24,1335,  ,  ,2,3.141592654,1,1,EMD ,Valeport ,9215,9.42,11291,10.68,3073.224661,f ,0,27,31,9.65,  ,  ,  ,9.6,34.7,  ,34.63,34F3 , ,d
EH ,DRS ,NL,1340,DRS ,  ,64T2 ,MRN2 ,  ,1600,WovFab ,500,10093722,2023NL5400107 ,  ,20235400107,1,5,2023,14,17,52.83483,2.81917,12,54,1064,  ,  ,2,3.141592654,1,1,EMD ,Valeport ,10014,9.42,12652,10.68,3339.693083,f ,0,30,36,9.43,  ,  ,  ,9.27,34.53,  ,34.5,34F2 , ,d
EH ,DRS ,NL,1340,DRS ,  ,64T2 ,MRN2 ,  ,1600,WovFab ,500,10093723,2023NL5400108 ,  ,20235400108,1,5,2023,15,51,52.8435,2.35217,11,24,1055,  ,  ,2,3.141592654,1,1,EMD ,Valeport ,9389,9.42,11324,10.68,3131.254079,f ,0,40,47,9.22,  ,  ,  ,9.1,34.29,  ,34.32,34F2 , ,d
EH ,DRS ,NL,1340,DRS ,  ,64T2 ,MRN2 ,  ,1600,WovFab ,500,10093724,2023NL5400109 ,  ,20235400109,1,5,2023,18,1,53.16183,2.869,14,42,1402,  ,  ,2,3.141592654,1,1,EMD ,Valeport ,11556,9.42,14079,10.68,3853.953791,f ,0,28,33,8.94,  ,  ,  ,8.87,34.23,  ,34.23,35F2 , ,d
EH ,DRS ,NL,1340,DRS ,  ,64T2 ,MRN2 ,  ,1600,WovFab ,500,10093725,2023NL5400110 ,  ,20235400110,1,5,2023,19,23,53.25867,3.255,13,6,852,  ,  ,2,3.141592654,1,1,EMD ,Valeport ,10152,9.42,12418,10.68,3385.716414,f ,0,20,27,9.45,  ,  ,  ,9.28,34.44,  ,34.47,35F3 , ,d
EH ,DRS ,NL,1340,DRS ,  ,64T2 ,MRN2 ,  ,1600,WovFab ,500,10093726,2023NL5400111 ,  ,20235400111,1,5,2023,22,13,53.769,3.713,14,6,997,  ,  ,2,3.141592654,1,1,EMD ,Valeport ,10934,9.42,13462,10.68,3646.515295,f ,0,30,37,9.26,  ,  ,  ,8.77,34.47,  ,34.47,36F3 , ,n
EH ,DRS ,NL,1340,DRS ,  ,64T2 ,MRN2 ,  ,1600,WovFab ,500,10093727,2023NL5400112 ,  ,20235400112,1,5,2023,23,29,53.84817,3.31617,16,18,1825,  ,  ,2,3.141592654,1,1,EMD ,Valeport ,13084,9.42,15975,10.68,4363.545466,f ,0,34,42,8.95,  ,  ,  ,8.72,34.35,  ,34.37,36F3 , ,n
EH ,DRS ,NL,1340,DRS ,  ,64T2 ,MRN2 ,  ,1600,WovFab ,500,10093728,2023NL5400113 ,  ,20235400113,2,5,2023,1,10,54.173,3.3355,17,6,1596,  ,  ,2,3.141592654,1,1,EMD ,Valeport ,12822,9.42,15974,10.68,4276.167835,f ,0,35,41,8.81,  ,  ,  ,8.42,34.43,  ,34.45,37F3 , ,n
EH ,DRS ,NL,1340,DRS ,  ,64T2 ,MRN2 ,  ,1600,WovFab ,500,10093729,2023NL5400114 ,  ,20235400114,2,5,2023,2,33,54.25783,3.7515,10,54,1150,  ,  ,2,3.141592654,1,1,EMD ,Valeport ,9389,9.42,11375,10.68,3131.254079,f ,0,38,44,8.41,  ,  ,  ,8.13,34.47,  ,34.47,37F3 , ,n
EH,MIK,NO,1351,2023,,58J1,MRN2,,1600,WovFab,500,598,2023NO_598,,,2,5,2023,19,40,55.31707333,7.65573,15,13,1326.032,,,,3.1416,,,MCR,Hydrobios,5100,3.35768126,,,,f,,17,24.28,,,,,,,,,,,d
EH,MIK,NO,1351,2023,,58J1,MRN2,,1600,WovFab,500,596,2023NO_596,,,2,5,2023,21,11,55.316,7.331,12,11,1137.128,,,,3.1416,,,MCR,Hydrobios,3870,3.35768126,,,,f,,24,25.68,,,,,,,,,,,n
EH,MIK,NO,1351,2023,,58J1,MRN2,,1600,WovFab,500,594,2023NO_594,,,3,5,2023,23,2,55.319,7.014,13,21,1157.5,,,,3.1416,,,MCR,Hydrobios,3264,3.35768126,,,,f,,26,29.98,,,,,,,,,,,n
EH,MIK,NO,1351,2023,,58J1,MRN2,,1600,WovFab,500,605,2023NO_605,,,3,5,2023,19,41,56.166,7.564,10,44,938.964,,,,3.1416,,,MCR,Hydrobios,3284,3.35768126,,,,f,,26,29,,,,,,,,,,,d
EH,MIK,NO,1351,2023,,58J1,MRN2,,1600,WovFab,500,603,2023NO_603,,,3,5,2023,20,51,56.166,7.266,11,37,1063.048,,,,3.1416,,,MCR,Hydrobios,2972,3.35768126,,,,f,,26,29.21,,,,,,,,,,,d
EH,MIK,NO,1351,2023,,58J1,MRN2,,1600,WovFab,500,602,2023NO_602,,,3,5,2023,21,38,56.169,7.086,10,33,963.04,,,,3.1416,,,MCR,Hydrobios,3268,3.35768126,,,,f,,28,34,,,,,,,,,,,n
EH,MIK,NO,1351,2023,,58J1,MRN2,,1600,WovFab,500,593,2023NO_593,,,4,5,2023,0,31,56.64,7.034,12,19,1183.428,,,,3.1416,,,MCR,Hydrobios,3614,3.35768126,,,,f,,36,38.35,,,,,,,,,,,n
EH,MIK,NO,1351,2023,,58J1,MRN2,,1600,WovFab,500,592,2023NO_592,,,4,5,2023,1,15,56.648,7.19,14,2,1353.812,,,,3.1416,,,MCR,Hydrobios,4096,3.35768126,,,,f,,34,37.87,,,,,,,,,,,n
EH,MIK,NO,1351,2023,,58J1,MRN2,,1600,WovFab,500,590,2023NO_590,,,4,5,2023,2,34,56.652,7.545,13,18,1244.544,,,,3.1416,,,MCR,Hydrobios,4230,3.35768126,,,,f,,31,32.07,,,,,,,,,,,n
